ID,SECION 1: TAMAÑO,,,,,SECCION 2: CRECIMIENTO,SECCION 3: TIPO,,,SECCION 4: PLAGAS,,,
,1.1,1.2,1.3,1.4,1.5,2.1,3.1,3.2,3.3,4.1,,,
,¿Cuál es la altura del árbol censado?,¿Cuál es el diámetro del árbol censado?,¿Cuál es el ángulo que forma el tronco del árbol censado respecto a una perpendicular al suelo?,¿Cuál es la edad del árbol censado?,¿Cuánto tiempo pasó desde su plantación?,¿Cuántos brotes crecieron en el árbol censado durante el último año?,¿Cuál es la especie a la que pertenece el árbol censado?,¿Cuál es el tipo de follaje del árbol censado?,¿Cuál es el origen del árbol censado?,¿Tiene algún tipo de afección el árbol censado?,,,
12525,3,10,0,1,1,7,palo,Caducifolio,Nativo/Autóctono,,,manchas,
12717,3,9,0,1,1,3,palo,Caducifolio,Nativo/Autóctono,atracnosis,roya,,
1282,1,20,0,1,1,6,euca,Caducifolio,Exótico,atracnosis,roya,,
17878,3,6,3,1,1,4,jaca,Caducifolio,Nativo/Autóctono,,,,ampollas
24034,2,12,0,1,1,3,jaca,Caducifolio,Nativo/Autóctono,,,,
26047,3,10,0,1,1,5,palo,Caducifolio,Nativo/Autóctono,,roya,,
26055,3,10,0,1,1,2,palo,Caducifolio,Nativo/Autóctono,,,,
33633,2,6,0,1,1,3,jaca,Caducifolio,Nativo/Autóctono,,,,
42011,2,4,0,1,1,5,palo,Caducifolio,Nativo/Autóctono,,,manchas,
44278,2,3,3,1,1,1,jaca,Caducifolio,Nativo/Autóctono,,,,
45552,3,2,0,1,1,4,jaca,Perenne,Nativo/Autóctono,,,,
50397,1,58,10,1,1,9,euca,Perenne,Exótico,,,,
50658,2,5,0,1,1,4,palo,Caducifolio,Nativo/Autóctono,atracnosis,,,
6081,3,2,0,1,1,3,jaca,Perenne,Nativo/Autóctono,,,,
7877,3,7,0,1,1,0,jaca,Caducifolio,Nativo/Autóctono,,roya,manchas,
9878,3,4,0,1,1,2,jaca,Perenne,Nativo/Autóctono,,,,
11644,6,18,6,2,1,1,jaca,Perenne,Nativo/Autóctono,,,,ampollas
13652,5,20,0,2,1,7,palo,Perenne,Nativo/Autóctono,,,manchas,
18292,1,3,0,2,1,1,jaca,Caducifolio,Nativo/Autóctono,,,manchas,
19191,3,2,0,2,1,3,jaca,Caducifolio,Nativo/Autóctono,,,,
19551,5,27,8,2,1,3,jaca,Caducifolio,Nativo/Autóctono,,roya,manchas,
20089,5,10,0,2,1,4,jaca,Caducifolio,Nativo/Autóctono,,,manchas,
20205,4,20,0,2,1,2,palo,Caducifolio,Nativo/Autóctono,,,manchas,
22456,3,15,0,2,1,5,jaca,Perenne,Nativo/Autóctono,,,,
24013,3,2,3,2,1,4,ala,Perenne,Exótico,,,manchas,
24065,2,2,0,2,1,7,ala,Caducifolio,Exótico,,roya,manchas,
24075,5,8,6,2,1,8,ala,Caducifolio,Exótico,,,,
27618,4,7,16,2,1,4,jaca,Caducifolio,Nativo/Autóctono,,,,
29065,4,8,12,2,1,1,jaca,Caducifolio,Nativo/Autóctono,atracnosis,,,
30046,5,7,10,2,1,4,jaca,Caducifolio,Nativo/Autóctono,atracnosis,roya,,
3073,4,42,0,2,1,4,palo,Caducifolio,Nativo/Autóctono,,,manchas,
30937,3,16,0,2,1,4,palo,Caducifolio,Nativo/Autóctono,,roya,,
31639,3,2,7,2,1,2,jaca,Caducifolio,Nativo/Autóctono,,roya,manchas,
3437,3,11,0,2,1,6,palo,Caducifolio,Nativo/Autóctono,atracnosis,roya,manchas,ampollas
34725,4,12,0,2,1,1,jaca,Caducifolio,Nativo/Autóctono,,,,ampollas
35430,4,15,15,2,1,7,casu,Caducifolio,Exótico,,,,
3645,4,152,0,2,1,9,euca,Caducifolio,Exótico,,,manchas,
36472,4,7,8,2,1,2,jaca,Caducifolio,Nativo/Autóctono,,roya,manchas,
37290,5,8,0,2,1,1,jaca,Caducifolio,Nativo/Autóctono,,,,
37875,4,17,0,2,1,3,palo,Perenne,Nativo/Autóctono,,,,
40319,5,10,0,2,1,4,ala,Caducifolio,Exótico,,roya,,
41088,4,35,0,2,1,5,palo,Caducifolio,Nativo/Autóctono,,,,ampollas
41197,4,7,0,2,1,9,ala,Caducifolio,Exótico,,,,
41722,4,36,0,2,1,5,palo,Caducifolio,Nativo/Autóctono,,,,
42008,2,4,0,2,2,4,palo,Caducifolio,Nativo/Autóctono,,,,
42724,4,7,4,2,2,5,jaca,Caducifolio,Nativo/Autóctono,,,manchas,
46056,5,13,0,2,2,4,palo,Caducifolio,Nativo/Autóctono,atracnosis,,,
48675,4,10,0,2,2,4,ala,Caducifolio,Exótico,atracnosis,,,ampollas
50322,3,2,0,2,2,7,ala,Perenne,Exótico,,,manchas,
50587,2,3,5,2,2,1,jaca,Caducifolio,Nativo/Autóctono,atracnosis,,,
10109,7,43,3,3,2,7,palo,Caducifolio,Nativo/Autóctono,,,manchas,
12024,6,28,0,3,2,7,palo,Caducifolio,Nativo/Autóctono,,roya,,
12411,6,16,3,3,2,5,casu,Perenne,Exótico,,roya,,ampollas
1283,1,20,0,3,2,6,euca,Caducifolio,Exótico,atracnosis,roya,,
12989,8,36,0,3,2,5,ala,Caducifolio,Exótico,,,manchas,
1302,1,20,0,3,2,9,euca,Perenne,Exótico,,roya,,
1304,1,20,0,3,2,7,euca,Caducifolio,Exótico,,,manchas,ampollas
13104,7,38,0,3,2,5,palo,Caducifolio,Nativo/Autóctono,,roya,,
13471,6,5,0,3,2,2,ala,Perenne,Exótico,,,,
13484,6,5,0,3,2,9,ala,Caducifolio,Exótico,atracnosis,,,
13968,4,12,0,3,2,2,ala,Perenne,Exótico,,,,
14235,3,3,0,3,2,2,ala,Perenne,Exótico,,roya,,
1458,8,8,0,3,2,8,ala,Caducifolio,Exótico,,,,
14659,2,8,0,3,2,7,palo,Caducifolio,Nativo/Autóctono,atracnosis,,manchas,
15274,2,50,0,3,2,4,jaca,Caducifolio,Nativo/Autóctono,,,,
15296,6,20,0,3,2,7,palo,Caducifolio,Nativo/Autóctono,,roya,manchas,
15554,1,2,0,3,2,5,palo,Caducifolio,Nativo/Autóctono,,roya,,ampollas
15816,6,16,5,3,2,5,palo,Caducifolio,Nativo/Autóctono,atracnosis,roya,manchas,
15906,4,8,0,3,2,6,casu,Perenne,Exótico,atracnosis,roya,,
15939,7,19,0,3,2,5,palo,Caducifolio,Nativo/Autóctono,atracnosis,roya,manchas,
1756,4,80,0,3,2,8,euca,Perenne,Exótico,,roya,,
1761,7,33,16,3,2,9,euca,Caducifolio,Exótico,,roya,,ampollas
18441,5,17,4,3,2,1,jaca,Caducifolio,Nativo/Autóctono,,roya,,
19751,3,8,0,3,2,2,ala,Caducifolio,Exótico,atracnosis,,,
20974,7,30,0,3,2,6,palo,Perenne,Nativo/Autóctono,,roya,,
21048,4,10,9,3,2,5,jaca,Caducifolio,Nativo/Autóctono,,,,
22036,4,21,0,3,2,2,palo,Caducifolio,Nativo/Autóctono,,,manchas,
22141,8,24,0,3,2,4,palo,Caducifolio,Nativo/Autóctono,,,manchas,
22462,2,10,0,3,2,7,palo,Caducifolio,Nativo/Autóctono,atracnosis,roya,,
22770,6,32,0,3,2,8,ala,Perenne,Exótico,,,,
22826,8,32,0,3,2,8,ala,Caducifolio,Exótico,,roya,,
22919,7,20,0,3,2,8,ala,Caducifolio,Exótico,,,,
22987,1,1,0,3,2,2,ala,Caducifolio,Exótico,,,,
23074,5,43,0,3,2,2,palo,Caducifolio,Nativo/Autóctono,atracnosis,,manchas,
23592,3,8,15,3,2,2,jaca,Caducifolio,Nativo/Autóctono,,,,
24001,5,8,0,3,2,2,ala,Caducifolio,Exótico,,roya,manchas,
24069,3,5,0,3,2,9,ala,Perenne,Exótico,,,,
24263,2,16,0,3,2,2,ala,Perenne,Exótico,atracnosis,,,
24611,3,17,0,3,2,3,palo,Perenne,Nativo/Autóctono,,roya,,
24817,7,12,0,3,2,8,casu,Caducifolio,Exótico,,,,
24847,8,12,0,3,2,4,casu,Perenne,Exótico,,,,
24947,3,3,0,3,2,3,jaca,Caducifolio,Nativo/Autóctono,,,,
26653,7,12,0,3,2,8,ala,Perenne,Exótico,,,,
27338,6,15,7,3,2,7,palo,Caducifolio,Nativo/Autóctono,,roya,,
29129,2,4,0,3,2,3,jaca,Perenne,Nativo/Autóctono,atracnosis,roya,,
30767,6,12,8,3,2,5,jaca,Caducifolio,Nativo/Autóctono,atracnosis,,,ampollas
31738,7,38,4,3,2,7,palo,Caducifolio,Nativo/Autóctono,,,,
31818,5,11,0,3,2,4,palo,Caducifolio,Nativo/Autóctono,,,,
34203,7,45,0,3,2,3,palo,Caducifolio,Nativo/Autóctono,,,,
35262,7,17,0,3,2,1,jaca,Caducifolio,Nativo/Autóctono,,,,
35402,6,40,0,3,2,3,palo,Caducifolio,Nativo/Autóctono,,,,
36291,3,11,0,3,2,3,palo,Caducifolio,Nativo/Autóctono,atracnosis,,,
37648,3,5,0,3,2,5,jaca,Caducifolio,Nativo/Autóctono,,,manchas,
39020,7,30,0,3,2,8,euca,Caducifolio,Exótico,,roya,,
41723,4,46,0,3,2,6,palo,Perenne,Nativo/Autóctono,,,manchas,
4326,2,1,0,3,2,0,jaca,Perenne,Nativo/Autóctono,,,manchas,
43662,5,45,3,3,2,7,euca,Caducifolio,Exótico,,,,
43780,2,7,0,3,2,4,palo,Caducifolio,Nativo/Autóctono,,,manchas,
44521,6,20,10,3,2,3,jaca,Caducifolio,Nativo/Autóctono,atracnosis,,,
44603,7,120,0,3,2,2,palo,Perenne,Nativo/Autóctono,,roya,,
45630,6,15,3,3,2,5,jaca,Perenne,Nativo/Autóctono,atracnosis,,manchas,
48102,3,6,0,3,2,4,ala,Perenne,Exótico,atracnosis,,,
4849,3,5,30,3,2,5,jaca,Caducifolio,Nativo/Autóctono,,,,
4859,4,10,0,3,2,2,palo,Caducifolio,Nativo/Autóctono,,,,
49442,4,8,0,3,2,3,palo,Caducifolio,Nativo/Autóctono,,,manchas,
49573,2,10,0,3,2,4,jaca,Caducifolio,Nativo/Autóctono,,,,
50339,4,6,0,3,2,6,ala,Perenne,Exótico,,,,
51329,2,14,0,3,2,2,palo,Caducifolio,Nativo/Autóctono,,,,
5974,3,4,0,3,2,2,jaca,Perenne,Nativo/Autóctono,atracnosis,,,
6913,3,6,10,3,2,3,palo,Caducifolio,Nativo/Autóctono,,,,
7452,6,40,10,3,2,5,palo,Caducifolio,Nativo/Autóctono,,,,
7729,4,5,8,3,2,3,jaca,Caducifolio,Nativo/Autóctono,,,manchas,
12701,3,7,0,4,2,3,jaca,Caducifolio,Nativo/Autóctono,,,,
1281,1,20,0,4,2,8,euca,Perenne,Exótico,,,,
1284,1,20,0,4,2,5,euca,Caducifolio,Exótico,,,,
12913,7,17,0,4,2,5,palo,Caducifolio,Nativo/Autóctono,atracnosis,,,
13087,7,30,0,4,2,6,casu,Caducifolio,Exótico,,,,
13438,2,15,0,4,2,6,palo,Caducifolio,Nativo/Autóctono,,,,
13439,2,15,0,4,2,4,palo,Caducifolio,Nativo/Autóctono,,,manchas,
13791,7,23,0,4,2,6,euca,Perenne,Exótico,,roya,manchas,
13903,7,12,0,4,2,8,ala,Perenne,Exótico,,,manchas,
13907,7,7,0,4,2,5,ala,Perenne,Exótico,,,,
14547,4,10,0,4,2,8,ala,Perenne,Exótico,,,,
15239,2,8,0,4,2,2,jaca,Caducifolio,Nativo/Autóctono,atracnosis,,manchas,
15498,7,49,0,4,2,3,palo,Caducifolio,Nativo/Autóctono,atracnosis,roya,,
1575,3,7,0,4,2,3,ala,Caducifolio,Exótico,,,manchas,ampollas
171,5,10,0,4,2,1,jaca,Caducifolio,Nativo/Autóctono,,roya,manchas,
17902,4,4,0,4,2,1,jaca,Caducifolio,Nativo/Autóctono,,roya,,
18336,6,27,0,4,2,4,palo,Perenne,Nativo/Autóctono,,roya,,
1854,7,8,0,4,2,6,euca,Perenne,Exótico,,,,ampollas
22413,6,20,15,4,2,4,casu,Perenne,Exótico,,,,
22769,6,30,0,4,2,8,ala,Perenne,Exótico,,roya,,
24904,8,22,7,4,2,2,casu,Caducifolio,Exótico,atracnosis,,,
26649,7,12,0,4,2,8,ala,Perenne,Exótico,,,,
26928,1,84,0,4,2,6,euca,Caducifolio,Exótico,,,,
27015,7,48,4,4,2,9,euca,Caducifolio,Exótico,,,,
299,5,26,0,4,2,3,palo,Caducifolio,Nativo/Autóctono,,,,
30732,5,22,0,4,2,3,ala,Perenne,Exótico,,,manchas,
3089,6,19,0,4,2,7,palo,Perenne,Nativo/Autóctono,,,,
30942,7,25,0,4,2,5,palo,Caducifolio,Nativo/Autóctono,,,,
31080,1,12,0,4,2,4,ala,Caducifolio,Exótico,,,,
31301,7,15,0,4,2,5,ala,Caducifolio,Exótico,,roya,,
31351,6,12,7,4,2,0,jaca,Caducifolio,Nativo/Autóctono,,,manchas,ampollas
31715,7,20,20,4,2,9,ala,Perenne,Exótico,,,,
32078,3,2,0,4,2,4,jaca,Caducifolio,Nativo/Autóctono,,,,
32416,4,40,27,4,2,5,jaca,Caducifolio,Nativo/Autóctono,,,,ampollas
34123,7,17,4,4,2,7,palo,Caducifolio,Nativo/Autóctono,,,,
36253,2,6,0,4,2,2,palo,Perenne,Nativo/Autóctono,,,,
36899,5,2,0,4,2,5,ala,Perenne,Exótico,,roya,,
37473,6,18,35,4,2,5,jaca,Caducifolio,Nativo/Autóctono,,,,
37808,6,12,0,4,2,2,casu,Caducifolio,Exótico,atracnosis,,,
41501,3,5,0,4,2,0,jaca,Caducifolio,Nativo/Autóctono,,,,ampollas
41648,6,35,0,4,2,6,palo,Caducifolio,Nativo/Autóctono,,,,ampollas
42722,2,2,0,4,2,2,jaca,Caducifolio,Nativo/Autóctono,,roya,,ampollas
43317,5,20,0,4,2,1,jaca,Caducifolio,Nativo/Autóctono,,,,
44275,2,4,0,4,2,2,jaca,Perenne,Nativo/Autóctono,,,,
44898,7,50,0,4,2,3,palo,Perenne,Nativo/Autóctono,,roya,manchas,
45102,7,33,0,4,2,2,palo,Caducifolio,Nativo/Autóctono,atracnosis,roya,,
48517,3,6,0,4,2,7,palo,Perenne,Nativo/Autóctono,,,,
48653,3,30,0,4,2,7,palo,Caducifolio,Nativo/Autóctono,,roya,manchas,
49304,2,10,0,4,2,9,ala,Perenne,Exótico,,,,
49420,6,52,0,4,2,3,palo,Caducifolio,Nativo/Autóctono,,,,
50498,6,23,9,4,2,5,euca,Perenne,Exótico,atracnosis,roya,,
51034,7,29,0,4,2,4,palo,Perenne,Nativo/Autóctono,,,,
51177,2,9,0,4,2,4,palo,Caducifolio,Nativo/Autóctono,,roya,manchas,
5455,3,8,20,4,2,2,jaca,Caducifolio,Nativo/Autóctono,,,,
6225,3,2,0,4,2,8,ala,Caducifolio,Exótico,atracnosis,roya,,ampollas
6279,7,33,0,4,2,6,palo,Caducifolio,Nativo/Autóctono,,,manchas,
6404,7,32,0,4,2,6,palo,Perenne,Nativo/Autóctono,,,,
6915,2,5,12,4,2,3,palo,Perenne,Nativo/Autóctono,,roya,,
7464,6,12,11,4,2,2,jaca,Caducifolio,Nativo/Autóctono,atracnosis,,manchas,
9182,4,9,0,4,2,8,ala,Perenne,Exótico,,,,
10455,7,12,5,5,2,8,ala,Caducifolio,Exótico,,,,
11059,9,36,5,5,2,7,palo,Caducifolio,Nativo/Autóctono,,,,
12127,13,54,0,5,2,4,jaca,Caducifolio,Nativo/Autóctono,,,,
12342,8,16,0,5,2,4,casu,Perenne,Exótico,atracnosis,,,
12343,7,15,0,5,2,4,casu,Caducifolio,Exótico,,,,
12438,11,21,0,5,2,9,casu,Perenne,Exótico,,roya,,ampollas
12532,8,21,0,5,2,9,casu,Perenne,Exótico,,,manchas,
12606,8,20,0,5,2,8,casu,Perenne,Exótico,,,,
12619,8,22,0,5,2,2,casu,Caducifolio,Exótico,,,manchas,
12629,10,16,8,5,2,5,casu,Perenne,Exótico,,,manchas,
12710,11,22,0,5,2,4,casu,Perenne,Exótico,,roya,,
12718,8,23,0,5,2,3,casu,Caducifolio,Exótico,,,manchas,
12726,4,13,0,5,2,4,palo,Perenne,Nativo/Autóctono,,,,
12836,9,26,0,5,2,7,palo,Caducifolio,Nativo/Autóctono,,roya,,
12903,12,54,0,5,2,5,palo,Caducifolio,Nativo/Autóctono,,,,
12951,12,30,0,5,2,5,casu,Caducifolio,Exótico,,roya,,
13456,6,5,0,5,2,4,ala,Caducifolio,Exótico,,,,
13871,8,9,0,5,2,9,ala,Perenne,Exótico,,roya,,
13963,6,7,0,5,2,8,ala,Caducifolio,Exótico,,roya,,
14082,9,23,0,5,2,7,ala,Perenne,Exótico,atracnosis,,,
1449,5,5,0,5,2,3,ala,Perenne,Exótico,atracnosis,,manchas,
14688,12,50,0,5,2,7,euca,Perenne,Exótico,,,,
15276,1,3,0,5,2,4,jaca,Caducifolio,Nativo/Autóctono,atracnosis,,,
15834,8,74,10,5,2,2,jaca,Caducifolio,Nativo/Autóctono,,,,
15960,7,28,0,5,2,4,jaca,Perenne,Nativo/Autóctono,,,,ampollas
16508,3,7,0,5,2,3,jaca,Caducifolio,Nativo/Autóctono,,,,
16528,2,4,12,5,2,0,jaca,Perenne,Nativo/Autóctono,,roya,,
16795,12,26,0,5,2,3,palo,Caducifolio,Nativo/Autóctono,,,,
17602,12,48,0,5,2,5,euca,Perenne,Exótico,,,,
1782,3,3,0,5,2,3,ala,Caducifolio,Exótico,,roya,manchas,
18057,4,30,0,5,2,4,palo,Caducifolio,Nativo/Autóctono,,,,
18684,12,34,0,5,2,2,ala,Perenne,Exótico,,,,
19226,10,50,5,5,2,4,palo,Caducifolio,Nativo/Autóctono,atracnosis,,,
20291,5,16,10,5,2,0,jaca,Perenne,Nativo/Autóctono,,roya,,
20292,6,20,6,5,2,0,jaca,Caducifolio,Nativo/Autóctono,,,,
20396,10,32,25,5,2,1,jaca,Caducifolio,Nativo/Autóctono,,,,
20645,11,31,5,5,2,3,jaca,Caducifolio,Nativo/Autóctono,atracnosis,,,
2175,10,40,0,5,2,7,euca,Caducifolio,Exótico,,,,
22064,6,20,20,5,2,0,jaca,Caducifolio,Nativo/Autóctono,,,,
22218,7,12,0,5,2,3,ala,Perenne,Exótico,,roya,,
22950,6,12,0,5,2,4,ala,Caducifolio,Exótico,,,,
23007,7,25,10,5,2,4,jaca,Caducifolio,Nativo/Autóctono,,,,
23028,7,25,10,5,2,5,jaca,Perenne,Nativo/Autóctono,,roya,,
23295,7,37,0,5,2,2,palo,Perenne,Nativo/Autóctono,,roya,,ampollas
23584,4,10,4,5,2,0,jaca,Caducifolio,Nativo/Autóctono,,,,
23986,6,15,6,5,2,5,palo,Perenne,Nativo/Autóctono,,,,
24006,4,2,0,5,2,8,ala,Perenne,Exótico,atracnosis,,manchas,
24068,4,3,0,5,2,9,ala,Caducifolio,Exótico,,,,
24094,11,40,0,5,2,4,palo,Caducifolio,Nativo/Autóctono,atracnosis,,,
24277,10,32,0,5,2,3,ala,Perenne,Exótico,,,manchas,
24372,2,5,5,5,2,5,jaca,Caducifolio,Nativo/Autóctono,,,,
24643,12,19,0,5,2,5,casu,Caducifolio,Exótico,,,,ampollas
24827,5,7,11,5,2,3,casu,Caducifolio,Exótico,atracnosis,roya,,
24864,10,21,0,5,2,6,casu,Perenne,Exótico,,,,
2558,5,8,5,5,2,2,jaca,Caducifolio,Nativo/Autóctono,,,manchas,
25597,2,11,0,5,2,4,ala,Perenne,Exótico,,roya,,ampollas
2568,12,120,0,5,2,3,palo,Caducifolio,Nativo/Autóctono,,,,
26635,7,8,0,5,2,6,ala,Perenne,Exótico,,,,
26707,3,5,0,5,2,8,ala,Perenne,Exótico,,roya,manchas,
26715,8,14,0,5,2,4,ala,Perenne,Exótico,,roya,,
2729,8,16,25,5,2,4,jaca,Perenne,Nativo/Autóctono,,roya,,
27785,12,38,0,5,2,2,palo,Caducifolio,Nativo/Autóctono,,roya,,
27831,1,5,0,5,2,3,ala,Caducifolio,Exótico,atracnosis,,,
27952,5,20,0,5,2,7,palo,Caducifolio,Nativo/Autóctono,atracnosis,,,
28031,12,45,0,5,2,3,palo,Caducifolio,Nativo/Autóctono,,,,
28281,6,27,4,5,2,1,jaca,Caducifolio,Nativo/Autóctono,atracnosis,roya,,
28329,7,11,0,5,2,2,jaca,Caducifolio,Nativo/Autóctono,,,,
28645,11,17,0,5,2,9,casu,Perenne,Exótico,,,,
29834,5,19,10,5,2,1,jaca,Caducifolio,Nativo/Autóctono,atracnosis,,,ampollas
29869,3,5,0,5,2,0,jaca,Caducifolio,Nativo/Autóctono,,roya,,
30319,10,60,0,5,2,8,casu,Perenne,Exótico,,,,
30451,12,22,0,5,2,2,jaca,Perenne,Nativo/Autóctono,,,,
30722,3,5,2,5,2,3,jaca,Caducifolio,Nativo/Autóctono,,roya,,
30925,8,41,0,5,2,2,palo,Caducifolio,Nativo/Autóctono,,,,
31037,1,3,0,5,2,2,jaca,Caducifolio,Nativo/Autóctono,,,,
31038,3,2,0,5,2,1,jaca,Perenne,Nativo/Autóctono,,roya,,
31124,10,90,0,5,2,6,palo,Caducifolio,Nativo/Autóctono,,,,
31190,7,50,0,5,2,6,palo,Caducifolio,Nativo/Autóctono,,,,
31830,4,12,0,5,2,3,palo,Caducifolio,Nativo/Autóctono,,,manchas,
32711,11,65,20,5,3,1,jaca,Caducifolio,Nativo/Autóctono,,,,
33042,12,32,9,5,3,4,palo,Caducifolio,Nativo/Autóctono,atracnosis,,,
33606,6,15,0,5,3,6,palo,Caducifolio,Nativo/Autóctono,,,,
34406,2,3,0,5,3,1,jaca,Caducifolio,Nativo/Autóctono,atracnosis,roya,,
35195,12,25,14,5,3,1,jaca,Caducifolio,Nativo/Autóctono,,roya,,
35985,8,37,14,5,3,5,palo,Caducifolio,Nativo/Autóctono,,,,
37291,3,5,0,5,3,5,jaca,Caducifolio,Nativo/Autóctono,,roya,,
37522,8,23,0,5,3,3,jaca,Caducifolio,Nativo/Autóctono,,,manchas,
37609,9,25,0,5,3,9,casu,Caducifolio,Exótico,,,,
37638,11,24,0,5,3,7,casu,Caducifolio,Exótico,,roya,manchas,
37755,9,29,0,5,3,5,casu,Caducifolio,Exótico,,roya,manchas,
37765,9,31,0,5,3,4,casu,Caducifolio,Exótico,,,,ampollas
37772,11,20,11,5,3,8,casu,Perenne,Exótico,,,,
37862,8,19,0,5,3,6,casu,Caducifolio,Exótico,,,,
38102,6,22,0,5,3,3,palo,Perenne,Nativo/Autóctono,,roya,manchas,
38228,8,32,0,5,3,8,ala,Perenne,Exótico,,,,
38811,9,40,0,5,3,9,ala,Perenne,Exótico,,,,
40137,5,5,0,5,3,3,ala,Perenne,Exótico,,,,
40370,12,28,30,5,3,8,euca,Perenne,Exótico,,,,
40495,3,3,0,5,3,4,ala,Perenne,Exótico,,,manchas,
40496,3,5,0,5,3,6,ala,Perenne,Exótico,,,,
40696,8,56,0,5,3,5,euca,Caducifolio,Exótico,,,manchas,
40984,12,25,0,5,3,2,ala,Perenne,Exótico,,roya,,
40990,12,15,0,5,3,5,euca,Caducifolio,Exótico,,,,
40996,6,30,0,5,3,2,palo,Caducifolio,Nativo/Autóctono,atracnosis,,,
41250,6,6,15,5,3,5,jaca,Caducifolio,Nativo/Autóctono,,,,
41256,12,46,3,5,3,0,jaca,Caducifolio,Nativo/Autóctono,,,,ampollas
4162,3,6,25,5,3,5,jaca,Caducifolio,Nativo/Autóctono,,,,
42153,6,91,0,5,3,6,palo,Caducifolio,Nativo/Autóctono,,,,
4265,12,42,5,5,3,3,palo,Caducifolio,Nativo/Autóctono,,,manchas,ampollas
43531,10,50,0,5,3,3,palo,Caducifolio,Nativo/Autóctono,,roya,manchas,ampollas
43756,4,10,35,5,3,5,jaca,Caducifolio,Nativo/Autóctono,,,,
44173,5,10,5,5,3,3,jaca,Caducifolio,Nativo/Autóctono,atracnosis,,,
44760,10,82,0,5,3,3,palo,Perenne,Nativo/Autóctono,,roya,,
44963,4,20,0,5,3,3,palo,Perenne,Nativo/Autóctono,,,,
45290,9,40,0,5,3,4,palo,Caducifolio,Nativo/Autóctono,,,,
45810,7,34,0,5,3,7,palo,Caducifolio,Nativo/Autóctono,,roya,,ampollas
4587,6,9,5,5,3,3,jaca,Caducifolio,Nativo/Autóctono,,,,
45947,11,51,0,5,3,2,casu,Perenne,Exótico,,,,
4604,12,48,5,5,3,3,palo,Perenne,Nativo/Autóctono,,,,ampollas
46143,8,22,13,5,3,2,jaca,Caducifolio,Nativo/Autóctono,,,,
46512,9,50,0,5,3,7,palo,Caducifolio,Nativo/Autóctono,,,,
46812,8,25,0,5,3,7,ala,Perenne,Exótico,,,,
47034,5,16,0,5,3,5,palo,Caducifolio,Nativo/Autóctono,,,manchas,
48222,4,3,0,5,3,1,jaca,Caducifolio,Nativo/Autóctono,,,manchas,
48687,2,10,0,5,3,2,jaca,Perenne,Nativo/Autóctono,atracnosis,roya,,
48806,10,32,15,5,3,9,euca,Caducifolio,Exótico,,,,
49065,9,25,0,5,3,7,ala,Perenne,Exótico,,roya,manchas,
49198,12,20,0,5,3,6,ala,Perenne,Exótico,,roya,,
49261,8,22,0,5,3,0,jaca,Caducifolio,Nativo/Autóctono,,,,
49288,6,25,6,5,3,4,jaca,Caducifolio,Nativo/Autóctono,,,manchas,
49852,2,4,0,5,3,2,jaca,Caducifolio,Nativo/Autóctono,atracnosis,roya,,ampollas
50571,9,37,10,5,3,3,palo,Caducifolio,Nativo/Autóctono,,,,
50825,11,32,0,5,3,0,jaca,Caducifolio,Nativo/Autóctono,,,,
50855,9,18,0,5,3,2,casu,Perenne,Exótico,,roya,,
50887,12,20,0,5,3,6,casu,Caducifolio,Exótico,,,manchas,
50980,9,33,0,5,3,4,casu,Perenne,Exótico,atracnosis,roya,,
51215,11,24,10,5,3,7,casu,Perenne,Exótico,,,,
51318,12,28,12,5,3,5,jaca,Caducifolio,Nativo/Autóctono,,roya,,
5232,6,20,0,5,3,5,jaca,Perenne,Nativo/Autóctono,,,,
5422,10,70,0,5,3,7,palo,Caducifolio,Nativo/Autóctono,,,,
5584,6,5,0,5,3,5,jaca,Perenne,Nativo/Autóctono,,,,
5875,7,12,0,5,3,9,ala,Perenne,Exótico,,,,
6017,4,14,0,5,3,3,palo,Perenne,Nativo/Autóctono,,,manchas,
6060,10,80,0,5,3,3,palo,Perenne,Nativo/Autóctono,,,,
6483,5,7,7,5,3,3,palo,Caducifolio,Nativo/Autóctono,,,,
7636,6,12,0,5,3,2,jaca,Perenne,Nativo/Autóctono,,,,
8972,8,31,0,5,3,6,casu,Caducifolio,Exótico,,roya,,
9226,3,5,7,5,3,3,jaca,Caducifolio,Nativo/Autóctono,,,,
11900,13,60,0,6,3,7,casu,Caducifolio,Exótico,,,,
12134,8,17,13,6,3,4,jaca,Perenne,Nativo/Autóctono,atracnosis,roya,,
12452,12,8,0,6,3,4,casu,Caducifolio,Exótico,,roya,,
12793,6,10,27,6,3,3,jaca,Perenne,Nativo/Autóctono,atracnosis,,,ampollas
12958,8,30,0,6,3,8,ala,Perenne,Exótico,,,,
13418,5,10,0,6,3,1,jaca,Caducifolio,Nativo/Autóctono,,roya,,
13480,6,5,0,6,3,4,ala,Perenne,Exótico,,roya,,
13640,6,25,0,6,3,3,palo,Caducifolio,Nativo/Autóctono,,,,
13855,10,35,8,6,3,8,euca,Perenne,Exótico,atracnosis,,,
13890,7,7,0,6,3,3,ala,Caducifolio,Exótico,,roya,manchas,
13892,5,10,0,6,3,6,ala,Perenne,Exótico,,roya,,
14055,12,35,0,6,3,2,ala,Caducifolio,Exótico,,roya,,
14240,7,12,0,6,3,6,ala,Perenne,Exótico,,,,
14265,10,100,15,6,3,9,euca,Caducifolio,Exótico,,roya,,
14324,10,40,0,6,3,7,euca,Perenne,Exótico,,,,
14792,10,56,0,6,3,7,palo,Caducifolio,Nativo/Autóctono,,,,
149,12,15,0,6,3,8,ala,Perenne,Exótico,,roya,,
15007,8,29,15,6,3,3,palo,Caducifolio,Nativo/Autóctono,,,,
15439,6,45,0,6,3,7,palo,Caducifolio,Nativo/Autóctono,,,,ampollas
1563,4,5,0,6,3,5,ala,Perenne,Exótico,,,,
15901,7,34,0,6,3,7,palo,Caducifolio,Nativo/Autóctono,,,manchas,
16236,6,8,13,6,3,1,jaca,Caducifolio,Nativo/Autóctono,atracnosis,,,
17210,7,44,0,6,3,6,ala,Perenne,Exótico,,,,
18078,10,30,0,6,3,2,ala,Perenne,Exótico,,,,
19853,10,16,0,6,3,5,jaca,Caducifolio,Nativo/Autóctono,,,,
20393,10,38,20,6,3,3,jaca,Caducifolio,Nativo/Autóctono,,,,
20764,12,28,8,6,3,7,palo,Caducifolio,Nativo/Autóctono,,,manchas,
22311,5,4,0,6,3,8,ala,Perenne,Exótico,,,,
22767,6,81,0,6,3,9,ala,Caducifolio,Exótico,,,,
22865,5,28,0,6,3,7,palo,Perenne,Nativo/Autóctono,,,,
23098,6,25,5,6,3,3,palo,Caducifolio,Nativo/Autóctono,,roya,,
23404,6,20,4,6,3,2,palo,Perenne,Nativo/Autóctono,,roya,,ampollas
24096,5,28,0,6,3,3,palo,Perenne,Nativo/Autóctono,atracnosis,roya,,ampollas
24573,11,55,10,6,3,2,palo,Caducifolio,Nativo/Autóctono,,,,
24941,9,35,0,6,3,4,casu,Perenne,Exótico,,,,
25145,10,25,0,6,3,9,ala,Caducifolio,Exótico,,roya,,
26532,11,30,0,6,3,2,ala,Caducifolio,Exótico,,,manchas,
26643,7,12,0,6,3,6,ala,Perenne,Exótico,,,,
26721,8,10,0,6,3,4,ala,Perenne,Exótico,atracnosis,,manchas,
26812,9,24,0,6,3,6,ala,Perenne,Exótico,,,manchas,
27406,12,2,7,6,3,7,palo,Perenne,Nativo/Autóctono,atracnosis,roya,,
27564,7,16,10,6,3,3,jaca,Caducifolio,Nativo/Autóctono,,roya,,
27898,9,28,10,6,3,3,jaca,Caducifolio,Nativo/Autóctono,,roya,,
28663,8,25,0,6,3,2,palo,Caducifolio,Nativo/Autóctono,,,,
29969,7,16,27,6,3,5,jaca,Perenne,Nativo/Autóctono,,,,
300,5,26,0,6,3,3,palo,Caducifolio,Nativo/Autóctono,,,,
30147,8,63,0,6,3,3,palo,Perenne,Nativo/Autóctono,,,,ampollas
30923,7,20,0,6,3,1,jaca,Caducifolio,Nativo/Autóctono,,,,
30954,8,21,10,6,3,5,jaca,Caducifolio,Nativo/Autóctono,,roya,,
31024,6,15,0,6,3,2,jaca,Perenne,Nativo/Autóctono,,roya,,
31025,6,15,0,6,3,0,jaca,Caducifolio,Nativo/Autóctono,,roya,,
31086,11,15,0,6,3,2,ala,Perenne,Exótico,,roya,,
3177,12,50,11,6,3,1,jaca,Caducifolio,Nativo/Autóctono,,,,
31814,9,35,0,6,3,2,palo,Caducifolio,Nativo/Autóctono,,,,ampollas
31864,6,20,0,6,3,1,jaca,Caducifolio,Nativo/Autóctono,,,,ampollas
33066,10,46,0,6,3,4,casu,Perenne,Exótico,,,,
34033,12,77,10,6,3,0,jaca,Caducifolio,Nativo/Autóctono,,,,
34726,7,24,0,6,3,5,jaca,Caducifolio,Nativo/Autóctono,,,,
35015,9,63,5,6,3,2,palo,Caducifolio,Nativo/Autóctono,,roya,,
35068,8,17,0,6,3,2,jaca,Caducifolio,Nativo/Autóctono,,,,
35106,4,5,0,6,3,3,jaca,Caducifolio,Nativo/Autóctono,,roya,,ampollas
35307,7,22,0,6,3,6,palo,Caducifolio,Nativo/Autóctono,atracnosis,,,
35343,12,70,16,6,3,4,ala,Perenne,Exótico,,roya,manchas,
36189,10,15,0,6,3,5,jaca,Caducifolio,Nativo/Autóctono,,,,ampollas
36498,10,47,0,6,3,5,euca,Caducifolio,Exótico,,,,
37118,8,24,24,6,3,1,jaca,Perenne,Nativo/Autóctono,,roya,,
37526,5,24,10,6,3,0,jaca,Caducifolio,Nativo/Autóctono,,,manchas,
37535,10,14,5,6,3,2,casu,Perenne,Exótico,atracnosis,roya,,
37538,12,23,0,6,3,3,casu,Caducifolio,Exótico,,,,ampollas
37721,11,15,0,6,3,9,ala,Perenne,Exótico,,,,
37770,11,19,0,6,3,6,casu,Perenne,Exótico,,,,
37916,10,24,3,6,3,9,casu,Caducifolio,Exótico,,,manchas,
38064,7,10,12,6,3,3,jaca,Caducifolio,Nativo/Autóctono,,,,
38547,7,24,0,6,3,3,palo,Caducifolio,Nativo/Autóctono,,,,
4111,11,44,0,6,3,6,palo,Caducifolio,Nativo/Autóctono,,roya,,
41160,4,9,0,6,3,1,jaca,Caducifolio,Nativo/Autóctono,,roya,,
43229,6,25,24,6,3,3,jaca,Caducifolio,Nativo/Autóctono,atracnosis,,manchas,
4337,7,43,0,6,3,4,palo,Perenne,Nativo/Autóctono,,,,
43970,10,30,5,6,3,7,palo,Caducifolio,Nativo/Autóctono,,,,
44361,11,30,0,6,3,0,jaca,Caducifolio,Nativo/Autóctono,atracnosis,,,
4462,5,18,0,6,3,3,jaca,Perenne,Nativo/Autóctono,,roya,,
44944,10,60,6,6,3,5,palo,Caducifolio,Nativo/Autóctono,atracnosis,,,
45088,12,50,0,6,3,4,palo,Caducifolio,Nativo/Autóctono,,,,
46412,10,48,0,6,3,2,palo,Perenne,Nativo/Autóctono,,,manchas,
46691,12,27,9,6,3,8,ala,Caducifolio,Exótico,,,,
48768,7,32,5,6,3,4,palo,Caducifolio,Nativo/Autóctono,,,,
48909,10,35,7,6,3,2,palo,Caducifolio,Nativo/Autóctono,,,manchas,
49269,7,25,10,6,3,3,jaca,Perenne,Nativo/Autóctono,,roya,,ampollas
49421,4,35,0,6,3,4,palo,Caducifolio,Nativo/Autóctono,,roya,,
49530,7,76,0,6,3,6,palo,Caducifolio,Nativo/Autóctono,,roya,manchas,
49854,6,32,17,6,3,5,jaca,Perenne,Nativo/Autóctono,atracnosis,,,
50010,12,46,0,6,3,4,casu,Perenne,Exótico,,roya,,
50251,4,9,0,6,3,2,ala,Perenne,Exótico,,,,
50965,11,19,10,6,3,2,casu,Perenne,Exótico,,,,
50973,8,28,0,6,3,3,casu,Caducifolio,Exótico,atracnosis,,,ampollas
51555,9,42,0,6,3,2,palo,Perenne,Nativo/Autóctono,,,manchas,
5553,9,16,0,6,3,4,ala,Perenne,Exótico,,,,
6590,5,20,0,6,3,4,palo,Caducifolio,Nativo/Autóctono,,,,
6854,10,60,0,6,3,4,palo,Caducifolio,Nativo/Autóctono,atracnosis,roya,,
6902,12,36,3,6,3,2,jaca,Perenne,Nativo/Autóctono,atracnosis,,manchas,
7453,7,25,10,6,3,5,jaca,Caducifolio,Nativo/Autóctono,,roya,,
8588,12,4,0,6,3,5,jaca,Caducifolio,Nativo/Autóctono,,,,
9651,10,26,18,6,3,2,jaca,Caducifolio,Nativo/Autóctono,,,,
9732,6,32,20,6,3,2,palo,Caducifolio,Nativo/Autóctono,,,manchas,
12313,10,27,7,7,3,5,jaca,Caducifolio,Nativo/Autóctono,,,,
12499,9,13,0,7,3,2,casu,Perenne,Exótico,atracnosis,,,
12560,14,30,0,7,3,7,casu,Perenne,Exótico,,roya,manchas,
12706,8,26,0,7,3,5,casu,Perenne,Exótico,,roya,,
13552,14,32,0,7,3,3,ala,Perenne,Exótico,,,,
13577,14,32,0,7,3,6,ala,Caducifolio,Exótico,,,,
13625,8,47,0,7,3,3,palo,Caducifolio,Nativo/Autóctono,,roya,,
13881,7,12,0,7,3,2,ala,Perenne,Exótico,,,manchas,
13891,7,12,0,7,3,4,ala,Perenne,Exótico,,roya,,
14026,12,30,0,7,3,6,ala,Perenne,Exótico,,,manchas,
14029,14,35,0,7,3,4,ala,Perenne,Exótico,,,,
141,12,15,0,7,3,8,ala,Caducifolio,Exótico,,,,
15340,8,36,0,7,3,2,palo,Caducifolio,Nativo/Autóctono,,,,
1585,8,13,0,7,3,4,ala,Perenne,Exótico,,,manchas,
15851,7,23,0,7,3,6,palo,Caducifolio,Nativo/Autóctono,,roya,,
16764,6,22,15,7,3,6,palo,Caducifolio,Nativo/Autóctono,,,,
17477,14,84,15,7,3,1,jaca,Caducifolio,Nativo/Autóctono,atracnosis,,,
17997,11,92,0,7,3,3,jaca,Caducifolio,Nativo/Autóctono,,,,
18257,10,3,5,7,3,2,ala,Perenne,Exótico,atracnosis,,,
19026,10,53,15,7,3,8,euca,Perenne,Exótico,,,manchas,
19239,11,35,20,7,3,5,palo,Perenne,Nativo/Autóctono,,roya,,
19737,13,35,0,7,3,4,palo,Perenne,Nativo/Autóctono,atracnosis,,,
19838,10,32,0,7,3,2,casu,Caducifolio,Exótico,,,,
19997,11,57,0,7,3,6,casu,Perenne,Exótico,,,,
20648,10,47,12,7,3,2,jaca,Caducifolio,Nativo/Autóctono,,,,
21072,9,45,6,7,3,2,jaca,Perenne,Nativo/Autóctono,,,manchas,
21125,13,50,45,7,3,2,jaca,Caducifolio,Nativo/Autóctono,,,,
21259,8,30,0,7,3,7,palo,Caducifolio,Nativo/Autóctono,,,manchas,
2185,14,130,0,7,3,3,palo,Caducifolio,Nativo/Autóctono,atracnosis,,,ampollas
22309,10,24,0,7,3,5,palo,Perenne,Nativo/Autóctono,,,,ampollas
22353,10,29,0,7,3,4,jaca,Caducifolio,Nativo/Autóctono,,roya,,
22468,6,43,0,7,3,7,palo,Caducifolio,Nativo/Autóctono,atracnosis,,,
22513,12,65,0,7,3,2,palo,Perenne,Nativo/Autóctono,atracnosis,,,
23279,14,68,6,7,3,3,palo,Caducifolio,Nativo/Autóctono,,roya,,
23290,12,45,0,7,3,6,palo,Caducifolio,Nativo/Autóctono,atracnosis,,,
23532,7,23,9,7,3,4,jaca,Caducifolio,Nativo/Autóctono,,,,
23533,7,24,0,7,3,4,jaca,Caducifolio,Nativo/Autóctono,atracnosis,,,
24017,8,51,8,7,3,2,palo,Perenne,Nativo/Autóctono,atracnosis,roya,,ampollas
24702,13,35,0,7,3,5,ala,Perenne,Exótico,,roya,,
24999,6,12,0,7,3,4,casu,Caducifolio,Exótico,atracnosis,roya,,
25294,8,50,10,7,3,3,palo,Caducifolio,Nativo/Autóctono,,,,
26790,14,32,0,7,3,3,ala,Perenne,Exótico,,,,
26902,12,21,2,7,3,8,euca,Caducifolio,Exótico,,roya,,
26985,14,42,0,7,3,9,euca,Perenne,Exótico,,,,
2782,11,69,0,7,3,6,palo,Caducifolio,Nativo/Autóctono,,roya,,
27841,6,18,15,7,3,1,jaca,Caducifolio,Nativo/Autóctono,,,,
27932,11,60,0,7,3,2,palo,Caducifolio,Nativo/Autóctono,,,,
28488,12,49,18,7,3,4,jaca,Perenne,Nativo/Autóctono,,roya,,
28556,10,18,0,7,3,2,ala,Perenne,Exótico,,,,
29102,10,25,0,7,3,1,jaca,Caducifolio,Nativo/Autóctono,,roya,,
30608,10,50,0,7,3,4,palo,Caducifolio,Nativo/Autóctono,,,,
30800,10,22,14,7,3,4,jaca,Caducifolio,Nativo/Autóctono,,,,
32070,10,23,0,7,3,0,jaca,Caducifolio,Nativo/Autóctono,,roya,manchas,
32129,13,13,0,7,3,8,ala,Perenne,Exótico,atracnosis,,,
32187,7,45,0,7,3,4,palo,Caducifolio,Nativo/Autóctono,,,,
32274,13,27,9,7,3,2,jaca,Caducifolio,Nativo/Autóctono,,,,
3406,8,48,0,7,3,7,palo,Caducifolio,Nativo/Autóctono,,,,
34221,14,40,0,7,3,5,palo,Caducifolio,Nativo/Autóctono,,,,
34957,12,66,0,7,3,2,palo,Caducifolio,Nativo/Autóctono,,,,
35670,6,28,0,7,3,4,ala,Perenne,Exótico,atracnosis,,,
36287,6,20,0,7,3,7,casu,Caducifolio,Exótico,atracnosis,,,
36348,11,57,10,7,3,3,palo,Caducifolio,Nativo/Autóctono,atracnosis,,,
36469,7,7,0,7,3,4,jaca,Perenne,Nativo/Autóctono,,roya,,
3697,6,30,10,7,3,0,jaca,Caducifolio,Nativo/Autóctono,atracnosis,,,
36998,10,20,0,7,3,4,jaca,Caducifolio,Nativo/Autóctono,,roya,,
37193,6,20,0,7,3,5,palo,Caducifolio,Nativo/Autóctono,atracnosis,,manchas,
37552,13,15,0,7,3,9,ala,Caducifolio,Exótico,,,,
37618,9,13,7,7,3,5,casu,Caducifolio,Exótico,atracnosis,,,
37747,12,15,0,7,3,8,casu,Caducifolio,Exótico,,,,ampollas
37795,10,14,0,7,3,5,casu,Perenne,Exótico,,,,
37950,12,22,0,7,3,7,casu,Caducifolio,Exótico,,,,
38997,7,30,0,7,3,5,euca,Perenne,Exótico,,roya,,
40092,13,24,0,7,3,8,euca,Perenne,Exótico,,,manchas,
40179,7,7,0,7,3,3,ala,Perenne,Exótico,,roya,,
40180,7,12,0,7,3,4,ala,Perenne,Exótico,,roya,manchas,
40371,8,36,0,7,3,8,euca,Caducifolio,Exótico,atracnosis,,,ampollas
40629,13,45,7,7,3,7,euca,Perenne,Exótico,atracnosis,,,
40801,10,26,0,7,3,9,euca,Caducifolio,Exótico,,,,
41110,6,17,7,7,3,7,euca,Perenne,Exótico,,,,
41611,9,30,0,7,3,4,palo,Caducifolio,Nativo/Autóctono,,,,
41746,10,30,0,7,3,4,palo,Caducifolio,Nativo/Autóctono,,roya,,
44397,12,45,0,7,3,5,palo,Perenne,Nativo/Autóctono,,,manchas,
44581,7,62,0,7,3,2,palo,Caducifolio,Nativo/Autóctono,,,,
44897,12,50,0,7,3,7,palo,Caducifolio,Nativo/Autóctono,atracnosis,roya,,
45805,7,16,6,7,3,6,palo,Caducifolio,Nativo/Autóctono,,roya,,
4594,7,26,17,7,3,4,palo,Caducifolio,Nativo/Autóctono,,,,
46898,12,25,10,7,3,5,jaca,Caducifolio,Nativo/Autóctono,,,,
4723,11,49,9,7,3,6,palo,Perenne,Nativo/Autóctono,,roya,,
4817,12,38,0,7,3,5,jaca,Caducifolio,Nativo/Autóctono,,,,
48323,11,27,0,7,3,5,palo,Perenne,Nativo/Autóctono,,roya,,
48483,7,7,0,7,3,4,ala,Caducifolio,Exótico,,,,
49418,9,25,0,7,3,1,jaca,Caducifolio,Nativo/Autóctono,,,manchas,ampollas
49643,8,48,0,7,3,4,palo,Caducifolio,Nativo/Autóctono,,roya,manchas,
50527,6,30,0,7,3,4,palo,Perenne,Nativo/Autóctono,atracnosis,,,
50724,8,20,10,7,3,5,jaca,Caducifolio,Nativo/Autóctono,,,,
50891,11,18,0,7,3,2,casu,Caducifolio,Exótico,,,manchas,
50932,12,20,0,7,3,4,casu,Caducifolio,Exótico,,roya,manchas,
51027,9,20,0,7,3,9,casu,Caducifolio,Exótico,,,,
51046,8,20,0,7,3,2,casu,Perenne,Exótico,,,manchas,
51110,12,18,0,7,3,9,casu,Perenne,Exótico,,roya,manchas,
51142,9,19,10,7,3,7,casu,Perenne,Exótico,,,manchas,
51179,8,33,0,7,3,3,casu,Caducifolio,Exótico,atracnosis,,manchas,
5485,7,34,0,7,3,2,palo,Caducifolio,Nativo/Autóctono,,,,
5720,13,65,22,7,3,2,palo,Caducifolio,Nativo/Autóctono,,roya,,
5874,7,12,0,7,3,4,ala,Perenne,Exótico,,,,
5926,13,31,10,7,3,2,jaca,Caducifolio,Nativo/Autóctono,,roya,,
5959,10,41,5,7,3,3,jaca,Perenne,Nativo/Autóctono,atracnosis,roya,manchas,
6344,7,10,10,7,3,1,jaca,Caducifolio,Nativo/Autóctono,,roya,,
6500,11,20,0,7,3,5,jaca,Caducifolio,Nativo/Autóctono,atracnosis,,,
6692,10,27,0,7,3,5,palo,Caducifolio,Nativo/Autóctono,atracnosis,roya,,
7925,11,20,21,7,3,1,jaca,Caducifolio,Nativo/Autóctono,atracnosis,,,
8223,13,34,10,7,3,4,jaca,Caducifolio,Nativo/Autóctono,,,,ampollas
8683,8,16,10,7,3,5,jaca,Perenne,Nativo/Autóctono,,,,
9855,7,7,0,7,3,4,ala,Perenne,Exótico,,,,ampollas
9856,6,5,0,7,3,4,ala,Caducifolio,Exótico,,roya,manchas,
11574,10,39,9,8,3,4,casu,Caducifolio,Exótico,,,,
12145,13,51,11,8,3,3,jaca,Perenne,Nativo/Autóctono,,roya,,
12558,12,20,0,8,3,2,casu,Perenne,Exótico,,roya,manchas,
13253,13,28,0,8,3,7,casu,Perenne,Exótico,,,manchas,
15709,14,55,0,8,3,6,palo,Perenne,Nativo/Autóctono,,,,
18879,14,70,0,8,3,6,palo,Caducifolio,Nativo/Autóctono,,roya,,
19020,11,40,0,8,3,4,palo,Perenne,Nativo/Autóctono,,roya,,
194,14,47,0,8,3,3,ala,Caducifolio,Exótico,,roya,,
19412,11,65,0,8,3,4,palo,Caducifolio,Nativo/Autóctono,atracnosis,,,
1998,9,36,0,8,3,9,euca,Caducifolio,Exótico,,,,
20535,9,39,0,8,3,4,palo,Perenne,Nativo/Autóctono,,roya,manchas,
20620,14,52,0,8,3,0,jaca,Caducifolio,Nativo/Autóctono,,,,
20636,13,35,5,8,3,4,jaca,Caducifolio,Nativo/Autóctono,,,,
20908,10,14,5,8,3,5,jaca,Caducifolio,Nativo/Autóctono,,roya,,
21333,12,72,0,8,3,5,palo,Caducifolio,Nativo/Autóctono,,,,
22152,9,25,8,8,3,1,jaca,Caducifolio,Nativo/Autóctono,,,manchas,
22636,14,20,0,8,3,4,ala,Perenne,Exótico,,,,
23767,11,29,0,8,3,5,casu,Perenne,Exótico,,,,
24580,9,55,0,8,3,2,palo,Perenne,Nativo/Autóctono,,,,
24649,13,25,0,8,3,8,casu,Perenne,Exótico,,,,
24696,10,12,12,8,3,6,casu,Caducifolio,Exótico,,,,
24811,11,42,8,8,3,7,ala,Perenne,Exótico,,,,ampollas
24949,11,26,5,8,3,6,casu,Caducifolio,Exótico,,roya,,
24966,10,35,0,8,3,7,casu,Perenne,Exótico,,,,ampollas
25251,10,10,20,8,3,3,ala,Caducifolio,Exótico,,roya,,
25477,12,80,20,8,3,7,euca,Perenne,Exótico,,roya,,ampollas
2582,9,53,0,8,3,7,palo,Caducifolio,Nativo/Autóctono,,roya,,
25963,12,15,0,8,3,5,ala,Perenne,Exótico,,,manchas,
2739,9,30,33,8,3,2,jaca,Perenne,Nativo/Autóctono,atracnosis,,,
2761,14,43,15,8,3,4,palo,Perenne,Nativo/Autóctono,,,,
27840,9,72,0,8,3,6,palo,Caducifolio,Nativo/Autóctono,,roya,,
2824,9,20,0,8,3,3,ala,Caducifolio,Exótico,,,,
28583,12,37,0,8,3,7,palo,Perenne,Nativo/Autóctono,,,,ampollas
29630,12,60,22,8,3,5,casu,Perenne,Exótico,,roya,,
30026,10,43,0,8,3,3,palo,Caducifolio,Nativo/Autóctono,,roya,,
30790,12,65,6,8,3,7,palo,Perenne,Nativo/Autóctono,,,,
31143,11,15,8,8,3,6,ala,Caducifolio,Exótico,,,,
32069,10,22,0,8,3,4,jaca,Caducifolio,Nativo/Autóctono,,,,
32119,10,50,0,8,3,6,palo,Perenne,Nativo/Autóctono,,,,ampollas
32126,10,12,0,8,3,7,ala,Caducifolio,Exótico,,,,ampollas
32387,11,68,10,8,3,4,palo,Caducifolio,Nativo/Autóctono,atracnosis,,,
32771,12,33,18,8,3,4,jaca,Caducifolio,Nativo/Autóctono,,,,
3461,11,22,0,8,3,2,jaca,Caducifolio,Nativo/Autóctono,,roya,,
3485,14,24,0,8,3,6,ala,Caducifolio,Exótico,,,,
36060,8,32,0,8,3,9,casu,Caducifolio,Exótico,,roya,manchas,
36599,8,38,0,8,3,3,palo,Perenne,Nativo/Autóctono,,,,
37211,11,5,11,8,3,5,jaca,Perenne,Nativo/Autóctono,,roya,manchas,
37610,9,30,0,8,3,5,casu,Perenne,Exótico,,,,ampollas
37837,11,18,0,8,3,2,casu,Caducifolio,Exótico,,,,ampollas
38053,8,24,0,8,3,4,jaca,Caducifolio,Nativo/Autóctono,,,,
38223,12,30,0,8,3,5,casu,Caducifolio,Exótico,atracnosis,roya,,
38406,11,25,0,8,3,9,ala,Perenne,Exótico,,,,
40670,12,55,0,8,3,9,euca,Perenne,Exótico,,roya,,
40963,11,42,0,8,3,5,jaca,Caducifolio,Nativo/Autóctono,,,,
41647,12,35,0,8,3,2,casu,Perenne,Exótico,,roya,,
42285,11,36,0,8,3,5,palo,Caducifolio,Nativo/Autóctono,atracnosis,roya,,
43387,13,22,10,8,3,8,casu,Caducifolio,Exótico,atracnosis,,,
44426,10,22,11,8,3,2,jaca,Caducifolio,Nativo/Autóctono,atracnosis,,,
45047,9,16,4,8,3,2,ala,Caducifolio,Exótico,atracnosis,,,
45543,10,15,20,8,3,4,jaca,Caducifolio,Nativo/Autóctono,,roya,,
47954,8,16,16,8,3,1,jaca,Perenne,Nativo/Autóctono,atracnosis,,,
48295,13,49,0,8,3,6,palo,Caducifolio,Nativo/Autóctono,,,manchas,
48381,10,30,8,8,3,0,jaca,Caducifolio,Nativo/Autóctono,,,,
48766,10,43,0,8,3,3,palo,Caducifolio,Nativo/Autóctono,,roya,manchas,
50905,9,23,0,8,3,8,casu,Caducifolio,Exótico,,roya,,
50948,13,20,7,8,3,5,ala,Caducifolio,Exótico,,,manchas,
51134,8,17,5,8,3,7,casu,Caducifolio,Exótico,atracnosis,,manchas,
51185,10,48,0,8,3,7,casu,Perenne,Exótico,atracnosis,roya,,
51457,12,30,5,8,3,4,ala,Perenne,Exótico,,roya,,
5577,8,20,6,8,3,1,jaca,Perenne,Nativo/Autóctono,,,,
5718,8,25,0,8,3,1,jaca,Caducifolio,Nativo/Autóctono,atracnosis,,,
6387,11,39,5,8,3,9,ala,Perenne,Exótico,,roya,,
8112,13,31,5,8,3,5,jaca,Perenne,Nativo/Autóctono,,roya,,
9436,8,19,19,8,3,0,jaca,Caducifolio,Nativo/Autóctono,,roya,,
12116,13,28,0,9,3,9,casu,Caducifolio,Exótico,,,manchas,
12338,12,18,0,9,3,7,casu,Perenne,Exótico,,,manchas,
12387,10,16,0,9,3,8,casu,Perenne,Exótico,,,,ampollas
12628,11,24,11,9,3,2,casu,Perenne,Exótico,,roya,,
12696,11,14,0,9,3,8,ala,Caducifolio,Exótico,,,,ampollas
14020,12,30,0,9,3,2,ala,Caducifolio,Exótico,,,,
1457,9,10,0,9,3,3,ala,Perenne,Exótico,,,,
14772,9,62,0,9,3,4,palo,Caducifolio,Nativo/Autóctono,,,,
15301,11,53,0,9,3,5,palo,Perenne,Nativo/Autóctono,,roya,,
15935,12,45,0,9,3,1,jaca,Caducifolio,Nativo/Autóctono,,,manchas,
15958,12,54,0,9,3,3,palo,Perenne,Nativo/Autóctono,,roya,,
15969,9,43,0,9,3,6,palo,Perenne,Nativo/Autóctono,,roya,,
1643,12,35,0,9,3,7,ala,Caducifolio,Exótico,,roya,,
18250,12,82,0,9,3,7,palo,Caducifolio,Nativo/Autóctono,,,,
1944,10,40,20,9,3,6,euca,Caducifolio,Exótico,,,,ampollas
19599,9,57,0,9,3,8,casu,Perenne,Exótico,,,,
21584,13,58,10,9,3,2,palo,Caducifolio,Nativo/Autóctono,atracnosis,,,
21617,11,26,0,9,3,3,palo,Caducifolio,Nativo/Autóctono,atracnosis,,,
2170,9,43,0,9,3,5,euca,Caducifolio,Exótico,,,,
24640,12,22,0,9,3,7,casu,Perenne,Exótico,,,,
24692,11,22,10,9,3,3,casu,Caducifolio,Exótico,,roya,,
25006,11,21,0,9,3,7,casu,Perenne,Exótico,,,,ampollas
27027,13,42,10,9,3,9,euca,Caducifolio,Exótico,,,,
27114,10,38,24,9,3,8,euca,Perenne,Exótico,,roya,,
27882,13,65,10,9,3,7,palo,Caducifolio,Nativo/Autóctono,,,,
28950,11,46,0,9,3,4,palo,Perenne,Nativo/Autóctono,atracnosis,,,
29646,10,50,0,9,3,8,casu,Perenne,Exótico,atracnosis,,,
29701,12,50,0,9,3,7,ala,Perenne,Exótico,atracnosis,,,
30037,10,14,30,9,3,3,jaca,Caducifolio,Nativo/Autóctono,,roya,,
30089,10,61,0,9,3,1,jaca,Caducifolio,Nativo/Autóctono,,,,ampollas
30232,13,50,0,9,3,2,palo,Caducifolio,Nativo/Autóctono,,,,
30652,10,42,0,9,3,4,ala,Perenne,Exótico,,,,
31102,10,81,6,9,3,2,palo,Caducifolio,Nativo/Autóctono,,roya,,ampollas
31126,9,48,0,9,3,3,palo,Caducifolio,Nativo/Autóctono,atracnosis,roya,,
31400,10,85,0,9,3,2,jaca,Perenne,Nativo/Autóctono,atracnosis,,manchas,
31976,8,53,0,9,3,3,palo,Caducifolio,Nativo/Autóctono,,,,
32158,12,36,0,9,3,2,palo,Perenne,Nativo/Autóctono,atracnosis,,,
32339,11,42,4,9,3,2,palo,Caducifolio,Nativo/Autóctono,,,manchas,
33204,12,45,0,9,3,0,jaca,Caducifolio,Nativo/Autóctono,,,,
33865,8,32,0,9,3,2,palo,Caducifolio,Nativo/Autóctono,,,,
3504,10,18,10,9,3,0,jaca,Caducifolio,Nativo/Autóctono,,,,
35440,9,22,0,9,3,6,ala,Perenne,Exótico,,,manchas,
35543,14,28,0,9,3,3,ala,Perenne,Exótico,,,,
36799,13,66,4,9,3,2,casu,Caducifolio,Exótico,,,,
36850,14,75,0,9,3,3,palo,Caducifolio,Nativo/Autóctono,atracnosis,,,
36859,11,45,0,9,3,5,palo,Caducifolio,Nativo/Autóctono,atracnosis,,,
37510,12,38,0,9,3,1,jaca,Caducifolio,Nativo/Autóctono,,roya,,
37601,11,45,0,9,3,9,casu,Caducifolio,Exótico,atracnosis,,,
37616,10,15,4,9,3,4,casu,Perenne,Exótico,,roya,,
37780,12,14,0,9,3,9,casu,Caducifolio,Exótico,,,,
37792,9,16,0,9,3,8,casu,Perenne,Exótico,,roya,,
37976,10,17,0,9,3,2,ala,Perenne,Exótico,,,manchas,
38325,13,31,0,9,3,8,casu,Caducifolio,Exótico,,roya,,
41153,8,30,0,9,3,5,palo,Perenne,Nativo/Autóctono,,,,
4204,13,25,0,9,3,3,casu,Perenne,Exótico,,,,
42276,13,54,0,9,3,8,casu,Caducifolio,Exótico,,,,
42593,11,35,0,9,3,4,palo,Perenne,Nativo/Autóctono,,,,
44676,12,28,0,9,3,2,jaca,Caducifolio,Nativo/Autóctono,,,,ampollas
44891,12,92,6,9,3,4,palo,Caducifolio,Nativo/Autóctono,,,,
45819,10,11,0,9,3,8,ala,Caducifolio,Exótico,,roya,,
45918,11,42,2,9,3,9,casu,Caducifolio,Exótico,,,,
46622,10,25,11,9,3,5,jaca,Caducifolio,Nativo/Autóctono,,,,ampollas
48033,12,48,0,9,3,2,palo,Caducifolio,Nativo/Autóctono,,roya,,
48423,12,40,8,9,3,3,palo,Caducifolio,Nativo/Autóctono,atracnosis,,,
48543,9,18,0,9,3,4,palo,Caducifolio,Nativo/Autóctono,,,manchas,
49064,8,23,0,9,3,8,ala,Perenne,Exótico,,,,
49237,12,30,0,9,3,6,casu,Perenne,Exótico,,,,
49528,10,92,13,9,3,4,palo,Perenne,Nativo/Autóctono,atracnosis,roya,manchas,
50843,12,14,0,9,3,2,casu,Caducifolio,Exótico,,,,ampollas
50985,10,19,0,9,3,7,ala,Perenne,Exótico,,,,
51010,11,16,0,9,3,8,casu,Perenne,Exótico,,,,
51209,12,15,0,9,3,4,casu,Perenne,Exótico,,,,
5174,12,48,0,9,3,3,palo,Caducifolio,Nativo/Autóctono,,,,
5574,11,20,0,9,3,7,ala,Perenne,Exótico,,,,
6257,9,15,3,9,3,3,ala,Perenne,Exótico,,,manchas,
6332,10,44,0,9,3,5,jaca,Caducifolio,Nativo/Autóctono,atracnosis,,,
6510,10,60,0,9,3,4,palo,Caducifolio,Nativo/Autóctono,,roya,,
7262,12,35,15,9,3,5,jaca,Caducifolio,Nativo/Autóctono,,,,
7335,8,15,0,9,3,8,euca,Caducifolio,Exótico,,,manchas,
7349,10,42,10,9,3,7,casu,Perenne,Exótico,,roya,,
7404,13,36,15,9,3,2,jaca,Caducifolio,Nativo/Autóctono,,roya,,
7720,8,34,0,9,3,2,palo,Caducifolio,Nativo/Autóctono,atracnosis,roya,,ampollas
8504,12,48,4,9,3,2,jaca,Caducifolio,Nativo/Autóctono,,,,
9298,8,22,0,9,3,3,palo,Caducifolio,Nativo/Autóctono,,roya,,
9530,10,62,0,9,3,7,palo,Caducifolio,Nativo/Autóctono,,,,
123,12,15,0,10,3,3,ala,Perenne,Exótico,,,,
12561,9,23,0,10,3,7,casu,Perenne,Exótico,,,,
12577,11,25,0,10,3,8,casu,Perenne,Exótico,,,,
12605,9,19,0,10,3,2,casu,Caducifolio,Exótico,,,,
1357,12,30,0,10,3,3,ala,Perenne,Exótico,,,,
13781,15,43,5,10,3,5,euca,Perenne,Exótico,atracnosis,,,
13799,18,48,0,10,3,8,euca,Perenne,Exótico,,,,
152,12,15,0,10,3,4,ala,Caducifolio,Exótico,,,,
15365,14,60,0,10,3,7,palo,Caducifolio,Nativo/Autóctono,,roya,,
15475,16,25,0,10,3,8,ala,Perenne,Exótico,atracnosis,,,
1629,16,34,0,10,3,3,ala,Perenne,Exótico,,,,
16296,13,62,9,10,3,3,jaca,Caducifolio,Nativo/Autóctono,,roya,,
16340,17,100,0,10,3,7,palo,Caducifolio,Nativo/Autóctono,,roya,,
1635,13,20,0,10,3,6,ala,Perenne,Exótico,,,,
1662,10,26,0,10,3,5,ala,Caducifolio,Exótico,,roya,,
17061,14,64,0,10,3,5,palo,Caducifolio,Nativo/Autóctono,,roya,manchas,ampollas
17601,15,46,0,10,3,6,euca,Perenne,Exótico,,,,
18116,17,28,0,10,3,8,ala,Perenne,Exótico,,roya,manchas,
18534,16,35,0,10,3,7,ala,Perenne,Exótico,,,,ampollas
18556,13,29,3,10,3,8,ala,Perenne,Exótico,,,,
1876,9,53,43,10,3,8,euca,Caducifolio,Exótico,atracnosis,,,
18842,12,30,15,10,3,1,jaca,Caducifolio,Nativo/Autóctono,,,manchas,
19991,14,39,0,10,3,4,palo,Caducifolio,Nativo/Autóctono,,,,
20610,11,55,8,10,3,1,jaca,Caducifolio,Nativo/Autóctono,,,,
20638,15,42,10,10,3,0,jaca,Perenne,Nativo/Autóctono,,,,
21118,9,30,0,10,3,7,palo,Caducifolio,Nativo/Autóctono,,roya,,
2124,11,41,0,10,3,6,euca,Caducifolio,Exótico,,,,
22187,9,20,0,10,3,3,ala,Perenne,Exótico,,roya,,
22811,9,22,0,10,3,3,ala,Perenne,Exótico,atracnosis,roya,,
23688,11,35,38,10,3,4,ala,Perenne,Exótico,,,,
23753,14,35,0,10,3,8,casu,Perenne,Exótico,,,manchas,
23755,19,54,0,10,3,9,casu,Caducifolio,Exótico,,,manchas,
23861,14,43,0,10,3,5,casu,Caducifolio,Exótico,,,,
23955,12,70,0,10,3,5,palo,Caducifolio,Nativo/Autóctono,,roya,,
24608,9,24,0,10,3,3,casu,Caducifolio,Exótico,,,manchas,ampollas
24710,11,28,0,10,3,6,casu,Caducifolio,Exótico,,,,
24820,13,22,3,10,3,4,ala,Caducifolio,Exótico,,roya,manchas,
24837,11,19,0,10,3,2,casu,Caducifolio,Exótico,atracnosis,roya,,
24868,9,15,0,10,3,5,casu,Perenne,Exótico,,,,
24922,9,45,0,10,3,5,ala,Caducifolio,Exótico,atracnosis,roya,,
24952,11,38,0,10,3,6,casu,Caducifolio,Exótico,,,,
25033,11,25,0,10,3,2,casu,Perenne,Exótico,,roya,manchas,
25440,13,50,0,10,3,3,casu,Perenne,Exótico,,,,
25613,10,20,0,10,3,8,casu,Caducifolio,Exótico,,,,
25843,9,15,5,10,3,4,jaca,Perenne,Nativo/Autóctono,,,,
25949,12,15,0,10,3,2,ala,Perenne,Exótico,,roya,,
28077,13,60,0,10,3,6,palo,Caducifolio,Nativo/Autóctono,atracnosis,,,
28082,15,40,0,10,3,6,ala,Perenne,Exótico,,,,
28318,17,30,0,10,3,6,ala,Perenne,Exótico,,,manchas,
28595,10,50,10,10,3,7,palo,Perenne,Nativo/Autóctono,,,manchas,
28831,15,50,0,10,3,8,casu,Perenne,Exótico,,,,
29031,10,60,0,10,3,2,palo,Caducifolio,Nativo/Autóctono,,roya,,
29615,14,29,0,10,3,7,casu,Perenne,Exótico,,roya,,
29616,10,34,0,10,3,6,palo,Caducifolio,Nativo/Autóctono,,roya,,
29970,15,45,23,10,3,4,jaca,Caducifolio,Nativo/Autóctono,,roya,,
30016,8,18,0,10,3,9,ala,Perenne,Exótico,,,,
30059,10,60,0,10,3,5,palo,Caducifolio,Nativo/Autóctono,,,manchas,
30460,9,22,0,10,3,6,euca,Caducifolio,Exótico,,,,
3053,9,20,0,10,3,4,ala,Perenne,Exótico,atracnosis,,,
310,8,22,0,10,3,0,jaca,Perenne,Nativo/Autóctono,,,,
3106,9,33,21,10,3,2,ala,Perenne,Exótico,,,,
31183,12,25,10,10,3,3,jaca,Caducifolio,Nativo/Autóctono,,,,
31683,10,48,0,10,3,2,palo,Caducifolio,Nativo/Autóctono,atracnosis,,,
31920,12,35,9,10,3,8,euca,Caducifolio,Exótico,,,,
32195,17,22,0,10,3,4,ala,Caducifolio,Exótico,,,,
32603,13,26,0,10,3,3,palo,Caducifolio,Nativo/Autóctono,atracnosis,,,
32721,15,70,4,10,3,3,casu,Perenne,Exótico,atracnosis,,,
32863,12,20,12,10,3,2,jaca,Caducifolio,Nativo/Autóctono,atracnosis,,,
33051,16,50,16,10,3,5,jaca,Perenne,Nativo/Autóctono,,roya,,
33183,11,40,0,10,3,3,casu,Perenne,Exótico,,,,
33360,11,50,0,10,3,3,palo,Caducifolio,Nativo/Autóctono,atracnosis,,,
33585,16,31,0,10,3,5,jaca,Perenne,Nativo/Autóctono,atracnosis,roya,manchas,
33808,15,63,15,10,3,2,jaca,Perenne,Nativo/Autóctono,,,manchas,
33878,17,25,0,10,3,2,ala,Caducifolio,Exótico,,,,
34063,11,30,0,10,3,2,jaca,Caducifolio,Nativo/Autóctono,,roya,,
34955,8,34,0,10,3,3,palo,Caducifolio,Nativo/Autóctono,atracnosis,,,
35242,8,25,0,10,3,1,jaca,Perenne,Nativo/Autóctono,atracnosis,roya,,
36276,16,32,0,10,3,8,ala,Caducifolio,Exótico,,,,
37560,9,23,0,10,3,7,casu,Perenne,Exótico,,,manchas,
37574,12,18,0,10,3,2,casu,Perenne,Exótico,,,,
37646,8,22,0,10,3,9,ala,Perenne,Exótico,,roya,,
37718,11,22,0,10,3,7,casu,Perenne,Exótico,,roya,,
37858,11,21,0,10,3,9,casu,Perenne,Exótico,,roya,manchas,
37897,11,19,0,10,3,8,casu,Perenne,Exótico,,,,
37959,13,22,0,10,3,5,casu,Caducifolio,Exótico,,roya,,ampollas
38099,15,37,0,10,3,8,ala,Perenne,Exótico,,,,
38106,12,28,0,10,3,7,palo,Caducifolio,Nativo/Autóctono,,roya,,
38427,16,100,0,10,3,9,euca,Caducifolio,Exótico,,,,
38837,15,31,0,10,3,7,ala,Caducifolio,Exótico,,,,
40085,14,66,7,10,3,5,euca,Caducifolio,Exótico,,,manchas,
40121,19,54,0,10,3,8,euca,Caducifolio,Exótico,,roya,,
41073,15,73,8,10,3,7,ala,Perenne,Exótico,,roya,,
41649,16,52,0,10,3,3,ala,Perenne,Exótico,,,,
41701,9,30,0,10,3,7,ala,Perenne,Exótico,,,manchas,ampollas
43083,11,24,0,10,3,5,casu,Perenne,Exótico,,,,ampollas
44424,9,20,0,10,3,2,jaca,Caducifolio,Nativo/Autóctono,,,,
44579,8,108,0,10,3,6,palo,Caducifolio,Nativo/Autóctono,,,manchas,
44751,12,65,0,10,3,6,palo,Caducifolio,Nativo/Autóctono,,,manchas,
44755,12,4,0,10,3,2,palo,Caducifolio,Nativo/Autóctono,,,,ampollas
45204,8,50,3,10,3,3,palo,Perenne,Nativo/Autóctono,atracnosis,roya,,
45478,10,106,0,10,3,2,palo,Perenne,Nativo/Autóctono,,,,
46007,9,37,0,10,3,4,jaca,Perenne,Nativo/Autóctono,,,manchas,
46212,8,42,0,10,3,3,palo,Caducifolio,Nativo/Autóctono,,roya,,
46403,14,68,2,10,3,2,palo,Caducifolio,Nativo/Autóctono,,roya,,
46805,13,36,10,10,3,2,jaca,Perenne,Nativo/Autóctono,,,,
47434,11,52,5,10,3,2,jaca,Caducifolio,Nativo/Autóctono,,,manchas,
48858,12,23,0,10,3,6,ala,Perenne,Exótico,,,,
49102,14,35,0,10,3,3,ala,Caducifolio,Exótico,atracnosis,,,
49457,18,82,0,10,3,9,ala,Perenne,Exótico,,,,
49745,17,50,0,10,3,8,euca,Caducifolio,Exótico,,,,
49998,9,37,1,10,3,2,casu,Perenne,Exótico,,roya,,
50395,12,30,0,10,3,7,euca,Caducifolio,Exótico,,roya,,
50475,11,30,0,10,3,6,ala,Perenne,Exótico,,roya,,
50911,10,27,0,10,3,5,casu,Perenne,Exótico,,roya,,
5092,14,56,0,10,3,2,casu,Perenne,Exótico,,roya,,
50995,8,20,0,10,3,3,casu,Perenne,Exótico,,,,
51012,14,20,0,10,3,3,ala,Perenne,Exótico,,roya,,ampollas
51047,8,25,8,10,3,2,casu,Caducifolio,Exótico,,roya,,
51098,9,20,0,10,3,9,casu,Perenne,Exótico,,roya,,
51156,12,20,0,10,3,2,casu,Caducifolio,Exótico,,roya,,
51191,11,20,0,10,3,2,casu,Caducifolio,Exótico,,,,
51533,9,12,0,10,3,6,ala,Perenne,Exótico,atracnosis,,,
5318,11,79,0,10,3,7,palo,Caducifolio,Nativo/Autóctono,,,,ampollas
5745,15,28,0,10,3,1,jaca,Caducifolio,Nativo/Autóctono,,,,ampollas
7118,8,68,0,10,3,3,palo,Caducifolio,Nativo/Autóctono,,roya,,
9422,16,65,35,10,3,5,jaca,Caducifolio,Nativo/Autóctono,,,,
10408,18,57,4,11,3,7,casu,Perenne,Exótico,,,,
13567,14,32,0,11,3,9,ala,Perenne,Exótico,,,,
13579,14,32,0,11,3,6,ala,Perenne,Exótico,atracnosis,,,
13737,17,70,0,11,3,6,euca,Caducifolio,Exótico,,,manchas,
14046,16,33,0,11,3,8,ala,Caducifolio,Exótico,,roya,,ampollas
14530,18,50,16,11,3,7,euca,Perenne,Exótico,,,,
14800,15,38,6,11,3,2,jaca,Perenne,Nativo/Autóctono,atracnosis,,,
14921,17,112,3,11,3,6,palo,Caducifolio,Nativo/Autóctono,,,,
14970,14,36,0,11,3,1,jaca,Caducifolio,Nativo/Autóctono,atracnosis,,,
15474,16,23,0,11,3,9,ala,Perenne,Exótico,,,,
18999,15,72,18,11,3,3,jaca,Caducifolio,Nativo/Autóctono,,,,
19682,15,75,0,11,3,5,euca,Caducifolio,Exótico,,,,
19995,17,56,0,11,3,8,casu,Perenne,Exótico,,roya,,
21124,13,29,0,11,3,6,ala,Perenne,Exótico,atracnosis,,,
22392,14,45,0,11,3,0,jaca,Caducifolio,Nativo/Autóctono,,,,ampollas
2246,18,35,0,11,3,5,euca,Caducifolio,Exótico,,,manchas,
23748,19,70,0,11,3,6,casu,Caducifolio,Exótico,,roya,,
25307,15,31,0,11,3,7,ala,Perenne,Exótico,,,,
26687,14,30,0,11,3,8,ala,Caducifolio,Exótico,,,,
27865,14,27,0,11,3,2,ala,Caducifolio,Exótico,,roya,manchas,
28636,15,68,0,11,3,5,ala,Perenne,Exótico,,,,
28803,13,51,0,11,3,4,ala,Perenne,Exótico,,,,
29158,15,54,6,11,3,5,jaca,Caducifolio,Nativo/Autóctono,,,,
29483,18,50,0,11,3,4,casu,Perenne,Exótico,,,,
30553,19,77,5,11,3,5,casu,Caducifolio,Exótico,,,,
30963,15,38,0,11,3,4,ala,Caducifolio,Exótico,,,,
30984,17,28,0,11,3,7,ala,Perenne,Exótico,atracnosis,,,
31846,16,48,12,11,3,5,jaca,Caducifolio,Nativo/Autóctono,,roya,,
32203,17,33,0,11,3,4,ala,Caducifolio,Exótico,,roya,,
3296,18,55,6,11,3,1,jaca,Caducifolio,Nativo/Autóctono,,roya,,
3312,18,33,0,11,3,1,jaca,Caducifolio,Nativo/Autóctono,atracnosis,,,
33292,14,30,0,11,3,3,jaca,Caducifolio,Nativo/Autóctono,,roya,,
35217,13,65,10,11,3,5,palo,Perenne,Nativo/Autóctono,,,,
35555,18,65,3,11,4,7,euca,Perenne,Exótico,,,,
37785,13,42,0,11,4,7,casu,Perenne,Exótico,,,,
37817,14,25,3,11,4,8,ala,Caducifolio,Exótico,,,,
38209,16,50,0,11,4,6,euca,Caducifolio,Exótico,,,,
38552,15,30,0,11,4,9,casu,Perenne,Exótico,,,,
3906,14,48,10,11,4,3,jaca,Caducifolio,Nativo/Autóctono,,roya,,ampollas
40526,19,78,0,11,4,8,euca,Caducifolio,Exótico,,roya,,
42418,15,25,3,11,4,8,casu,Caducifolio,Exótico,atracnosis,,,
43669,14,54,0,11,4,4,palo,Caducifolio,Nativo/Autóctono,,roya,,
43920,13,50,7,11,4,9,euca,Caducifolio,Exótico,,roya,,
44084,16,55,9,11,4,9,euca,Perenne,Exótico,,,,
45087,13,70,0,11,4,6,palo,Caducifolio,Nativo/Autóctono,atracnosis,roya,,
45882,18,88,0,11,4,7,palo,Caducifolio,Nativo/Autóctono,,,manchas,
46091,15,53,4,11,4,8,ala,Perenne,Exótico,atracnosis,,,
47255,18,50,6,11,4,2,casu,Perenne,Exótico,,,,
47578,13,122,12,11,4,7,euca,Perenne,Exótico,,roya,,
48541,13,33,10,11,4,7,palo,Caducifolio,Nativo/Autóctono,atracnosis,,,
48884,16,26,4,11,4,6,ala,Perenne,Exótico,atracnosis,roya,manchas,
49692,15,35,9,11,4,1,jaca,Perenne,Nativo/Autóctono,,roya,,
6226,16,26,3,11,4,7,ala,Perenne,Exótico,,roya,,
6235,15,25,1,11,4,8,ala,Caducifolio,Exótico,,roya,,
6781,18,40,22,11,4,4,jaca,Caducifolio,Nativo/Autóctono,atracnosis,,,
7855,16,52,15,11,4,2,jaca,Caducifolio,Nativo/Autóctono,,,,
8071,16,40,5,11,4,5,jaca,Perenne,Nativo/Autóctono,atracnosis,,,
8153,14,40,0,11,4,1,jaca,Caducifolio,Nativo/Autóctono,,,manchas,ampollas
10981,14,52,4,12,4,6,palo,Caducifolio,Nativo/Autóctono,,,,
12447,13,25,0,12,4,4,casu,Perenne,Exótico,,roya,,
12462,14,18,0,12,4,8,casu,Perenne,Exótico,,,,
13254,13,22,0,12,4,5,casu,Perenne,Exótico,,roya,,
14266,16,57,6,12,4,8,euca,Caducifolio,Exótico,,,,ampollas
14626,14,37,6,12,4,4,casu,Perenne,Exótico,atracnosis,roya,manchas,ampollas
15001,16,70,0,12,4,2,palo,Caducifolio,Nativo/Autóctono,,,manchas,
1640,14,34,0,12,4,7,ala,Perenne,Exótico,,,,
17429,14,15,24,12,4,3,jaca,Caducifolio,Nativo/Autóctono,,,,
18371,16,102,5,12,4,8,euca,Caducifolio,Exótico,,roya,,
18827,17,42,0,12,4,6,palo,Caducifolio,Nativo/Autóctono,atracnosis,roya,manchas,
19722,13,36,0,12,4,5,palo,Caducifolio,Nativo/Autóctono,,,manchas,
20121,18,60,0,12,4,3,palo,Perenne,Nativo/Autóctono,atracnosis,,,
20527,16,35,0,12,4,3,ala,Perenne,Exótico,,roya,,ampollas
22692,15,32,0,12,4,9,ala,Perenne,Exótico,,,,ampollas
22835,15,25,0,12,4,2,ala,Perenne,Exótico,,,,
23066,18,102,0,12,4,8,euca,Caducifolio,Exótico,,,,
23869,18,46,0,12,4,9,casu,Caducifolio,Exótico,,roya,,
23968,15,115,0,12,4,6,palo,Caducifolio,Nativo/Autóctono,atracnosis,roya,manchas,ampollas
24733,13,25,6,12,4,6,ala,Perenne,Exótico,,roya,,
27767,18,52,0,12,4,8,euca,Caducifolio,Exótico,,,,
30930,15,52,0,12,4,4,palo,Perenne,Nativo/Autóctono,atracnosis,,,
31973,18,53,10,12,4,3,jaca,Caducifolio,Nativo/Autóctono,,,,
32602,15,53,0,12,4,6,palo,Caducifolio,Nativo/Autóctono,,,,
33019,16,50,0,12,4,4,jaca,Caducifolio,Nativo/Autóctono,atracnosis,,manchas,
33422,14,42,5,12,4,0,jaca,Caducifolio,Nativo/Autóctono,,roya,,
34390,16,52,0,12,4,5,casu,Perenne,Exótico,,,,ampollas
34545,18,81,0,12,4,7,palo,Caducifolio,Nativo/Autóctono,atracnosis,roya,,
3486,14,25,0,12,4,5,ala,Perenne,Exótico,,roya,,
35006,17,54,0,12,4,6,palo,Caducifolio,Nativo/Autóctono,,,,
35602,15,35,0,12,4,8,ala,Perenne,Exótico,atracnosis,,,
35749,16,25,0,12,4,2,ala,Perenne,Exótico,atracnosis,roya,,
38546,13,27,0,12,4,2,casu,Perenne,Exótico,,,,
40790,15,50,0,12,4,6,euca,Caducifolio,Exótico,,,,
40869,14,65,5,12,4,8,euca,Caducifolio,Exótico,,,,
41323,14,25,45,12,4,4,jaca,Caducifolio,Nativo/Autóctono,,roya,,
41780,16,78,10,12,4,3,palo,Caducifolio,Nativo/Autóctono,,roya,,
42099,13,56,0,12,4,0,jaca,Caducifolio,Nativo/Autóctono,,,manchas,
44528,13,160,12,12,4,4,palo,Perenne,Nativo/Autóctono,,,,
45621,14,23,10,12,4,4,jaca,Caducifolio,Nativo/Autóctono,,,,
45735,18,78,5,12,4,3,palo,Caducifolio,Nativo/Autóctono,atracnosis,roya,,
46351,17,70,0,12,4,4,jaca,Caducifolio,Nativo/Autóctono,,roya,,
46999,13,42,0,12,4,2,jaca,Caducifolio,Nativo/Autóctono,,,,
47399,16,55,5,12,4,4,ala,Perenne,Exótico,,roya,manchas,
48297,13,65,0,12,4,3,palo,Caducifolio,Nativo/Autóctono,,,,
48498,14,21,0,12,4,3,palo,Caducifolio,Nativo/Autóctono,,,,
48758,18,32,5,12,4,3,ala,Perenne,Exótico,atracnosis,,,
49156,15,40,0,12,4,3,jaca,Caducifolio,Nativo/Autóctono,atracnosis,,,
49917,14,60,0,12,4,2,casu,Caducifolio,Exótico,,,,
51561,14,38,0,12,4,2,casu,Perenne,Exótico,atracnosis,,,
5366,13,90,0,12,4,6,euca,Caducifolio,Exótico,atracnosis,,,
6242,18,10,0,12,4,9,ala,Perenne,Exótico,atracnosis,,,
8058,15,40,0,12,4,2,palo,Caducifolio,Nativo/Autóctono,atracnosis,,,
8353,15,50,0,12,4,7,casu,Caducifolio,Exótico,,,,
9374,14,48,10,12,4,7,palo,Caducifolio,Nativo/Autóctono,,,,
13246,13,27,0,13,4,5,casu,Perenne,Exótico,,,,
1559,15,65,0,13,4,5,euca,Caducifolio,Exótico,atracnosis,roya,manchas,
1837,15,40,8,13,4,6,euca,Caducifolio,Exótico,,,,
20120,18,52,0,13,4,6,palo,Caducifolio,Nativo/Autóctono,,,,
20594,16,61,12,13,4,4,jaca,Caducifolio,Nativo/Autóctono,,,manchas,
22785,15,39,0,13,4,6,ala,Perenne,Exótico,,roya,,
22825,16,22,4,13,4,5,ala,Perenne,Exótico,atracnosis,,,
22844,15,25,0,13,4,2,ala,Perenne,Exótico,,roya,,
22871,15,40,0,13,4,7,euca,Perenne,Exótico,atracnosis,,,
22910,15,90,0,13,4,1,jaca,Caducifolio,Nativo/Autóctono,,roya,,
23508,16,31,0,13,4,3,ala,Perenne,Exótico,,,,
23611,13,78,22,13,4,8,euca,Perenne,Exótico,,,manchas,
23680,17,51,0,13,4,7,casu,Perenne,Exótico,,,manchas,
23866,15,43,5,13,4,9,casu,Perenne,Exótico,atracnosis,,,
24572,13,34,5,13,4,1,jaca,Caducifolio,Nativo/Autóctono,atracnosis,,,
26745,14,40,0,13,4,2,ala,Caducifolio,Exótico,,,,
29393,16,38,3,13,4,2,jaca,Caducifolio,Nativo/Autóctono,,,,
29703,14,40,0,13,4,7,euca,Perenne,Exótico,,,manchas,
31449,19,40,0,13,4,4,ala,Perenne,Exótico,,,,
32421,13,41,4,13,4,1,jaca,Caducifolio,Nativo/Autóctono,,roya,,
32513,17,35,9,13,4,5,jaca,Caducifolio,Nativo/Autóctono,,roya,,
32766,16,63,3,13,4,4,palo,Caducifolio,Nativo/Autóctono,,,,
33374,13,23,4,13,4,0,jaca,Perenne,Nativo/Autóctono,,roya,,
34082,16,40,18,13,4,3,jaca,Caducifolio,Nativo/Autóctono,,,,
34885,18,70,0,13,4,8,casu,Caducifolio,Exótico,,roya,,ampollas
36863,17,40,6,13,4,7,palo,Caducifolio,Nativo/Autóctono,,roya,,
37758,14,26,3,13,4,5,ala,Perenne,Exótico,,,manchas,
40566,17,44,0,13,4,7,euca,Caducifolio,Exótico,,,,
42443,15,26,0,13,4,7,euca,Perenne,Exótico,atracnosis,roya,,ampollas
42866,16,48,0,13,4,8,ala,Perenne,Exótico,atracnosis,,,
44168,15,30,0,13,4,2,ala,Caducifolio,Exótico,,roya,,
44458,17,19,5,13,4,2,ala,Perenne,Exótico,,,,
44582,18,45,0,13,4,2,jaca,Caducifolio,Nativo/Autóctono,,,,
44765,17,53,0,13,4,4,casu,Perenne,Exótico,,,,ampollas
46085,13,42,4,13,4,4,jaca,Caducifolio,Nativo/Autóctono,,,,
46227,18,83,3,13,4,5,casu,Perenne,Exótico,,,manchas,
46951,17,75,0,13,4,4,palo,Caducifolio,Nativo/Autóctono,,,,
4943,18,50,0,13,4,6,euca,Perenne,Exótico,,roya,,
50020,13,49,0,13,4,3,casu,Perenne,Exótico,,,,
51714,13,20,0,13,4,6,casu,Caducifolio,Exótico,,,manchas,
5784,17,22,0,13,4,7,ala,Perenne,Exótico,,,,
7596,18,53,4,13,4,9,casu,Caducifolio,Exótico,atracnosis,roya,,
8849,14,42,0,13,4,4,palo,Caducifolio,Nativo/Autóctono,,roya,,
11572,14,60,14,14,4,1,jaca,Caducifolio,Nativo/Autóctono,atracnosis,roya,,
11687,18,68,4,14,4,7,ala,Perenne,Exótico,atracnosis,,,
12340,15,40,0,14,4,8,casu,Caducifolio,Exótico,,,,
17324,17,61,3,14,4,3,casu,Perenne,Exótico,,,,
1806,18,122,0,14,4,9,euca,Perenne,Exótico,,,,
18732,18,40,0,14,4,4,ala,Caducifolio,Exótico,,,,
1952,15,70,5,14,4,6,euca,Caducifolio,Exótico,,,,
20126,19,63,13,14,4,0,jaca,Perenne,Nativo/Autóctono,,,,
22355,15,35,20,14,4,4,jaca,Perenne,Nativo/Autóctono,,roya,,
22724,16,95,6,14,4,7,palo,Caducifolio,Nativo/Autóctono,atracnosis,roya,manchas,
23668,14,32,15,14,4,1,jaca,Caducifolio,Nativo/Autóctono,,,,
24426,13,30,0,14,4,6,casu,Caducifolio,Exótico,,,manchas,
29590,18,35,0,14,4,7,ala,Perenne,Exótico,,roya,,
30986,17,19,10,14,4,8,ala,Caducifolio,Exótico,atracnosis,roya,,
32242,14,74,0,14,4,2,palo,Perenne,Nativo/Autóctono,,,,
32262,17,87,6,14,4,5,palo,Caducifolio,Nativo/Autóctono,,,,ampollas
32492,16,89,0,14,4,6,palo,Caducifolio,Nativo/Autóctono,,roya,,
33228,13,48,3,14,4,4,jaca,Perenne,Nativo/Autóctono,,roya,,
33890,14,35,0,14,4,7,ala,Perenne,Exótico,atracnosis,,manchas,
35534,14,34,0,14,4,9,ala,Caducifolio,Exótico,,,,ampollas
35893,15,34,5,14,4,3,jaca,Caducifolio,Nativo/Autóctono,,,manchas,
36640,19,57,0,14,4,3,casu,Perenne,Exótico,atracnosis,,,
36860,15,115,0,14,4,6,palo,Caducifolio,Nativo/Autóctono,,,manchas,
36968,16,35,0,14,4,9,ala,Perenne,Exótico,atracnosis,,,
37105,13,72,0,14,4,5,palo,Caducifolio,Nativo/Autóctono,atracnosis,roya,,
37672,14,22,7,14,4,2,ala,Perenne,Exótico,atracnosis,,,
37855,13,35,0,14,4,2,casu,Perenne,Exótico,,roya,,ampollas
37878,18,14,2,14,4,7,ala,Perenne,Exótico,,roya,,
38175,18,45,25,14,4,4,jaca,Caducifolio,Nativo/Autóctono,atracnosis,roya,,
40972,19,22,13,14,4,4,jaca,Caducifolio,Nativo/Autóctono,atracnosis,,,
43469,15,51,0,14,4,5,jaca,Perenne,Nativo/Autóctono,,roya,,
45917,13,30,3,14,4,6,casu,Perenne,Exótico,atracnosis,,,
46009,17,43,0,14,4,1,jaca,Perenne,Nativo/Autóctono,atracnosis,roya,,
46070,14,50,0,14,4,7,palo,Caducifolio,Nativo/Autóctono,,roya,,
48929,17,37,0,14,4,4,ala,Perenne,Exótico,,,,ampollas
48949,15,32,0,14,4,9,ala,Perenne,Exótico,,,,
5045,15,40,0,14,4,5,palo,Perenne,Nativo/Autóctono,,,,
51377,13,70,0,14,4,2,palo,Caducifolio,Nativo/Autóctono,,roya,,
5447,15,95,0,14,4,2,palo,Perenne,Nativo/Autóctono,,,,
6373,14,146,0,14,4,4,palo,Caducifolio,Nativo/Autóctono,,,,
8370,14,64,0,14,4,7,palo,Perenne,Nativo/Autóctono,atracnosis,,,
8767,18,66,3,14,4,3,casu,Perenne,Exótico,,roya,manchas,
8838,17,50,0,14,4,5,casu,Perenne,Exótico,,,,
12598,13,20,0,15,4,5,casu,Perenne,Exótico,,,,
13555,14,32,0,15,4,4,ala,Caducifolio,Exótico,,,manchas,
13838,13,28,8,15,4,5,euca,Perenne,Exótico,,roya,,
14009,15,35,0,15,4,6,ala,Perenne,Exótico,,,,
14207,15,40,7,15,4,5,euca,Caducifolio,Exótico,,,manchas,
14374,30,60,3,15,4,5,euca,Caducifolio,Exótico,,,manchas,
15480,16,23,0,15,4,4,ala,Perenne,Exótico,,,,ampollas
15909,13,25,0,15,4,9,ala,Perenne,Exótico,,,,
1829,18,34,0,15,4,8,euca,Caducifolio,Exótico,,,,
18731,18,30,0,15,4,2,ala,Perenne,Exótico,,,,
19073,18,60,0,15,4,5,jaca,Caducifolio,Nativo/Autóctono,,,,
2131,17,40,3,15,4,8,euca,Caducifolio,Exótico,atracnosis,,,
21593,18,100,10,15,4,2,palo,Perenne,Nativo/Autóctono,atracnosis,,,
22004,14,80,20,15,4,3,palo,Caducifolio,Nativo/Autóctono,,roya,,
22101,17,32,0,15,4,5,jaca,Perenne,Nativo/Autóctono,,,,
22684,15,35,0,15,4,3,ala,Perenne,Exótico,,,,
24653,13,30,0,15,4,8,casu,Caducifolio,Exótico,atracnosis,,,
24859,15,20,0,15,4,6,casu,Perenne,Exótico,,roya,,
24996,13,50,5,15,4,4,casu,Perenne,Exótico,atracnosis,,,
25220,15,30,0,15,4,3,ala,Perenne,Exótico,atracnosis,roya,,
26781,13,32,0,15,4,8,ala,Caducifolio,Exótico,,,,ampollas
26786,14,34,0,15,4,9,ala,Perenne,Exótico,,,,
26987,26,140,0,15,4,7,euca,Caducifolio,Exótico,atracnosis,,,
30421,17,63,0,15,4,9,casu,Caducifolio,Exótico,,roya,,ampollas
32761,19,80,0,15,4,7,euca,Caducifolio,Exótico,,,,
34416,14,79,16,15,4,7,euca,Caducifolio,Exótico,,roya,,
34884,18,66,0,15,4,6,casu,Caducifolio,Exótico,,,,
35172,19,51,0,15,4,5,euca,Perenne,Exótico,,,,
35527,14,22,0,15,4,2,ala,Perenne,Exótico,,roya,,
36410,14,46,0,15,4,5,casu,Perenne,Exótico,,,manchas,
36441,19,68,0,15,4,5,euca,Perenne,Exótico,,,,
40007,16,30,0,15,4,5,euca,Caducifolio,Exótico,,,manchas,
40087,16,64,0,15,4,7,euca,Caducifolio,Exótico,,,,
40315,15,35,0,15,4,7,ala,Perenne,Exótico,,,,
404,25,35,0,15,4,5,euca,Caducifolio,Exótico,atracnosis,,,
41108,37,120,6,15,4,7,euca,Caducifolio,Exótico,,,,
44261,16,30,0,15,4,3,ala,Perenne,Exótico,,roya,,
44941,17,51,2,15,4,6,ala,Perenne,Exótico,,,,
46591,16,52,15,15,4,1,jaca,Caducifolio,Nativo/Autóctono,,,,
50117,18,73,0,15,4,3,casu,Caducifolio,Exótico,,,manchas,
5070,15,110,10,15,4,5,euca,Caducifolio,Exótico,,,,
6065,17,36,0,15,4,8,casu,Perenne,Exótico,atracnosis,,,
6473,25,60,0,15,4,7,euca,Caducifolio,Exótico,,roya,,
6996,17,28,3,15,4,4,ala,Caducifolio,Exótico,,,,
7958,23,80,0,15,4,7,euca,Caducifolio,Exótico,,,,
827,22,34,0,15,4,7,euca,Perenne,Exótico,atracnosis,,,ampollas
12769,15,56,0,16,4,6,casu,Caducifolio,Exótico,,,,ampollas
12893,17,24,0,16,4,5,ala,Perenne,Exótico,,roya,manchas,
13792,16,62,0,16,4,5,euca,Caducifolio,Exótico,,,,
15869,18,60,7,16,4,4,palo,Caducifolio,Nativo/Autóctono,,,,
16011,19,75,0,16,4,7,casu,Perenne,Exótico,,roya,,
16664,15,66,12,16,4,1,jaca,Caducifolio,Nativo/Autóctono,,roya,,
18083,15,26,0,16,4,8,ala,Caducifolio,Exótico,atracnosis,,,
18113,15,14,10,16,4,7,ala,Perenne,Exótico,,,,
18631,16,42,18,16,4,2,jaca,Caducifolio,Nativo/Autóctono,atracnosis,,,
18636,15,35,3,16,4,3,jaca,Caducifolio,Nativo/Autóctono,,,,ampollas
19519,17,30,0,16,4,1,jaca,Caducifolio,Nativo/Autóctono,,roya,,
20130,22,30,0,16,4,2,jaca,Caducifolio,Nativo/Autóctono,,roya,,
20976,17,39,0,16,4,4,ala,Perenne,Exótico,atracnosis,,,
21149,18,66,4,16,4,7,casu,Perenne,Exótico,,,,
26762,16,34,0,16,4,9,ala,Perenne,Exótico,,,,ampollas
26925,16,38,11,16,4,5,euca,Perenne,Exótico,atracnosis,,manchas,
27301,17,51,5,16,4,6,euca,Caducifolio,Exótico,,,,ampollas
28565,16,24,0,16,4,1,jaca,Caducifolio,Nativo/Autóctono,,roya,,
28862,22,72,0,16,4,4,casu,Perenne,Exótico,,,,
29235,15,23,0,16,4,7,casu,Perenne,Exótico,,roya,,
30010,15,88,0,16,4,5,casu,Perenne,Exótico,,,,
3065,18,66,0,16,4,8,euca,Caducifolio,Exótico,,,,
32196,17,24,0,16,4,9,ala,Perenne,Exótico,atracnosis,,,
33413,16,32,0,16,4,9,ala,Caducifolio,Exótico,atracnosis,roya,,
3569,18,70,0,16,4,6,casu,Caducifolio,Exótico,,,manchas,
37710,19,24,0,16,4,3,casu,Perenne,Exótico,,,,
37957,18,24,0,16,4,7,ala,Caducifolio,Exótico,,,,
38608,25,38,0,16,4,4,jaca,Caducifolio,Nativo/Autóctono,,,,
40687,15,27,10,16,4,8,euca,Perenne,Exótico,,roya,manchas,
40771,33,76,0,16,4,6,euca,Caducifolio,Exótico,,roya,manchas,
42158,18,32,0,16,4,7,ala,Perenne,Exótico,,,,
422,22,34,0,16,4,9,euca,Perenne,Exótico,atracnosis,,manchas,ampollas
42268,19,52,3,16,4,3,jaca,Caducifolio,Nativo/Autóctono,,roya,,
42317,19,54,0,16,4,4,casu,Caducifolio,Exótico,,roya,,
42374,17,60,0,16,4,2,casu,Caducifolio,Exótico,atracnosis,,,
42700,19,44,0,16,4,7,casu,Perenne,Exótico,,,,
4315,16,60,10,16,4,5,casu,Perenne,Exótico,,,manchas,
44488,14,60,0,16,4,3,palo,Caducifolio,Nativo/Autóctono,,,manchas,
47350,18,30,8,16,4,4,ala,Caducifolio,Exótico,atracnosis,,,
4975,16,52,10,16,4,1,jaca,Caducifolio,Nativo/Autóctono,,roya,,ampollas
6993,17,25,6,16,4,9,ala,Caducifolio,Exótico,,roya,manchas,
769,22,34,0,16,4,9,euca,Caducifolio,Exótico,,,,
8318,18,29,0,16,4,1,jaca,Perenne,Nativo/Autóctono,atracnosis,roya,,
8679,17,32,8,16,4,3,ala,Caducifolio,Exótico,atracnosis,roya,manchas,
919,21,32,0,16,4,5,euca,Caducifolio,Exótico,atracnosis,,manchas,
10327,15,170,20,17,4,7,ala,Perenne,Exótico,atracnosis,,,
14024,15,33,0,17,4,7,ala,Perenne,Exótico,,,,
14059,15,34,0,17,4,6,ala,Perenne,Exótico,atracnosis,roya,,
16044,20,118,4,17,4,7,euca,Caducifolio,Exótico,,,,
1636,15,35,0,17,4,7,ala,Caducifolio,Exótico,,,,
16790,15,71,0,17,4,7,palo,Perenne,Nativo/Autóctono,,,,
16882,18,67,4,17,4,3,jaca,Caducifolio,Nativo/Autóctono,,roya,,
23476,18,24,0,17,4,2,ala,Perenne,Exótico,,,,
24860,18,30,10,17,4,7,ala,Perenne,Exótico,,,,
25065,15,55,30,17,4,4,jaca,Caducifolio,Nativo/Autóctono,atracnosis,,,
25598,16,35,0,17,4,9,ala,Perenne,Exótico,,,,
27476,15,54,0,17,4,3,ala,Caducifolio,Exótico,,,,
31117,15,50,0,17,4,4,palo,Caducifolio,Nativo/Autóctono,,,,
31993,17,64,5,17,4,3,jaca,Caducifolio,Nativo/Autóctono,,,,
32910,18,53,8,17,4,4,jaca,Perenne,Nativo/Autóctono,atracnosis,roya,,
36286,20,102,0,17,4,8,casu,Caducifolio,Exótico,,roya,,
3764,17,60,0,17,4,3,casu,Caducifolio,Exótico,,,,
3920,21,85,0,17,4,5,casu,Caducifolio,Exótico,atracnosis,roya,manchas,
40800,21,24,0,17,4,5,euca,Caducifolio,Exótico,atracnosis,roya,,
41376,16,73,0,17,4,5,palo,Caducifolio,Nativo/Autóctono,,roya,,
42395,16,35,0,17,4,5,palo,Perenne,Nativo/Autóctono,,roya,,
44457,17,22,0,17,4,2,ala,Perenne,Exótico,,,,
46774,16,50,0,17,4,4,palo,Perenne,Nativo/Autóctono,,,,
8180,15,56,14,17,4,0,jaca,Caducifolio,Nativo/Autóctono,,,,ampollas
8602,15,35,0,17,4,5,ala,Caducifolio,Exótico,,roya,,
11565,16,38,5,18,4,0,jaca,Caducifolio,Nativo/Autóctono,,,,
14506,25,35,17,18,4,7,euca,Caducifolio,Exótico,,,,
14519,27,55,3,18,4,8,euca,Perenne,Exótico,atracnosis,roya,manchas,
16551,20,84,5,18,4,6,palo,Perenne,Nativo/Autóctono,,roya,,
17888,15,24,25,18,4,3,ala,Caducifolio,Exótico,,roya,manchas,
19071,18,55,0,18,4,2,jaca,Perenne,Nativo/Autóctono,,roya,,ampollas
20491,17,84,3,18,4,5,palo,Perenne,Nativo/Autóctono,,,,
24730,16,32,0,18,4,9,ala,Perenne,Exótico,atracnosis,roya,,
26770,15,35,0,18,4,2,ala,Perenne,Exótico,,,,
27369,27,106,0,18,4,5,casu,Caducifolio,Exótico,,,,
2876,16,50,10,18,4,5,jaca,Caducifolio,Nativo/Autóctono,,,,
29643,16,69,0,18,4,3,palo,Perenne,Nativo/Autóctono,,roya,,
30060,15,46,7,18,4,5,palo,Caducifolio,Nativo/Autóctono,,roya,manchas,
31437,16,26,2,18,4,8,ala,Caducifolio,Exótico,atracnosis,,,
32267,16,60,0,18,4,5,casu,Perenne,Exótico,,roya,,
3395,17,70,0,18,4,3,jaca,Caducifolio,Nativo/Autóctono,,,,ampollas
35581,15,35,0,18,4,8,ala,Perenne,Exótico,,,,
35725,16,30,0,18,4,6,ala,Perenne,Exótico,,,,
41708,16,24,0,18,4,3,ala,Perenne,Exótico,atracnosis,,,
43197,17,105,0,18,4,2,palo,Caducifolio,Nativo/Autóctono,,roya,,
44955,15,38,0,18,4,5,palo,Perenne,Nativo/Autóctono,,,,
45773,15,30,0,18,4,4,jaca,Caducifolio,Nativo/Autóctono,,roya,,
48961,15,31,0,18,4,2,ala,Perenne,Exótico,atracnosis,,,
49160,15,53,9,18,4,3,jaca,Caducifolio,Nativo/Autóctono,atracnosis,,,
50263,18,22,0,18,4,9,ala,Perenne,Exótico,,,,
51256,15,40,0,18,4,3,casu,Perenne,Exótico,atracnosis,,,
51653,36,106,0,18,4,6,euca,Caducifolio,Exótico,,,,
5259,16,62,9,18,4,7,euca,Perenne,Exótico,atracnosis,,,
545,22,34,0,18,4,5,euca,Perenne,Exótico,,,,
6995,17,21,6,18,4,2,ala,Caducifolio,Exótico,,,manchas,ampollas
900,22,34,0,18,4,8,euca,Perenne,Exótico,,,,
13834,22,49,0,19,4,7,euca,Perenne,Exótico,atracnosis,,,
1432,46,140,0,19,4,8,euca,Caducifolio,Exótico,,,,
18641,17,73,0,19,4,2,palo,Caducifolio,Nativo/Autóctono,,,,ampollas
18941,16,54,0,19,4,5,jaca,Caducifolio,Nativo/Autóctono,,roya,,
18985,17,93,0,19,4,3,palo,Caducifolio,Nativo/Autóctono,,roya,,
22816,16,40,0,19,4,8,ala,Perenne,Exótico,,,,
23684,18,45,4,19,4,3,jaca,Caducifolio,Nativo/Autóctono,,,,
23900,15,47,0,19,4,4,jaca,Perenne,Nativo/Autóctono,atracnosis,roya,manchas,
24914,15,25,0,19,4,9,casu,Perenne,Exótico,,,,
25543,20,70,0,19,4,4,palo,Caducifolio,Nativo/Autóctono,,,,
26493,18,30,0,19,4,7,ala,Perenne,Exótico,,,,
26501,18,30,0,19,4,3,ala,Perenne,Exótico,,,manchas,
26763,16,35,0,19,4,2,ala,Caducifolio,Exótico,,,,
2689,15,18,0,19,4,7,ala,Caducifolio,Exótico,atracnosis,,,ampollas
32201,17,28,7,19,4,3,ala,Perenne,Exótico,atracnosis,,,
32521,18,48,0,19,4,1,jaca,Caducifolio,Nativo/Autóctono,,,manchas,
35769,16,38,0,19,4,6,euca,Caducifolio,Exótico,atracnosis,roya,,
36093,25,30,0,19,4,5,ala,Caducifolio,Exótico,,,,
38527,14,18,0,19,4,5,ala,Caducifolio,Exótico,,,,
39599,21,32,0,19,4,8,euca,Perenne,Exótico,,,,
40378,16,60,0,19,4,8,euca,Caducifolio,Exótico,,roya,,
40523,15,26,0,19,4,6,euca,Caducifolio,Exótico,,,,
40680,32,70,3,19,4,8,euca,Caducifolio,Exótico,atracnosis,,,
43737,15,58,0,19,4,5,palo,Perenne,Nativo/Autóctono,atracnosis,,,
45405,15,64,0,19,4,5,euca,Caducifolio,Exótico,atracnosis,,,
46057,14,58,0,19,4,5,casu,Caducifolio,Exótico,,,,
47293,15,35,0,19,4,3,ala,Perenne,Exótico,atracnosis,,,
48087,20,32,10,19,4,6,ala,Caducifolio,Exótico,atracnosis,roya,,
48882,15,29,5,19,4,7,ala,Caducifolio,Exótico,,,,ampollas
48907,16,37,3,19,4,3,ala,Perenne,Exótico,,,,
48915,14,25,0,19,4,5,ala,Perenne,Exótico,atracnosis,,,
51064,16,43,0,19,4,4,ala,Caducifolio,Exótico,,,manchas,
51696,14,16,0,19,4,7,ala,Perenne,Exótico,,,,
5255,14,46,0,19,4,4,palo,Caducifolio,Nativo/Autóctono,atracnosis,roya,,
7645,17,65,0,19,4,8,casu,Caducifolio,Exótico,atracnosis,,,
9261,18,50,0,19,4,5,jaca,Caducifolio,Nativo/Autóctono,,roya,manchas,
11549,19,54,2,20,4,2,casu,Caducifolio,Exótico,,,,
11913,19,20,0,20,4,4,ala,Caducifolio,Exótico,atracnosis,,,
14005,15,35,0,20,4,3,ala,Caducifolio,Exótico,,,,
1641,16,35,0,20,4,7,ala,Perenne,Exótico,,,manchas,ampollas
17081,19,80,8,20,4,8,casu,Perenne,Exótico,,,,ampollas
17151,17,86,0,20,4,2,palo,Caducifolio,Nativo/Autóctono,,,,
18030,18,38,3,20,4,0,jaca,Caducifolio,Nativo/Autóctono,atracnosis,,manchas,
19291,16,58,6,20,4,0,jaca,Caducifolio,Nativo/Autóctono,atracnosis,,,
2172,36,160,0,20,4,9,euca,Perenne,Exótico,,roya,,
22840,15,30,0,20,4,7,ala,Perenne,Exótico,,,,
23475,20,35,4,20,4,6,euca,Caducifolio,Exótico,,,,
23619,17,27,0,20,4,7,euca,Perenne,Exótico,atracnosis,roya,,
24724,16,21,4,20,4,5,ala,Perenne,Exótico,,,,
25700,25,60,0,20,4,7,ala,Perenne,Exótico,,,,ampollas
26534,15,50,6,20,4,9,euca,Caducifolio,Exótico,,,manchas,
2678,23,115,22,20,4,8,euca,Caducifolio,Exótico,,roya,,
32194,17,24,0,20,4,4,ala,Perenne,Exótico,,,,
32261,17,87,0,20,4,2,palo,Caducifolio,Nativo/Autóctono,,,,
35964,21,78,9,20,4,5,euca,Caducifolio,Exótico,,roya,,
39615,21,32,0,20,4,7,euca,Caducifolio,Exótico,,roya,,
40301,15,32,0,20,4,6,ala,Caducifolio,Exótico,,,,
40627,25,52,5,20,4,7,euca,Caducifolio,Exótico,atracnosis,,,
42545,18,37,0,20,4,7,ala,Perenne,Exótico,,,manchas,
4695,18,80,0,20,4,4,casu,Caducifolio,Exótico,,,,
47316,22,65,6,20,4,8,casu,Perenne,Exótico,,,manchas,ampollas
47766,14,53,0,20,4,8,casu,Caducifolio,Exótico,,,,
48890,15,24,6,20,4,4,ala,Perenne,Exótico,,,,
5057,14,16,25,20,4,1,jaca,Caducifolio,Nativo/Autóctono,atracnosis,,,
6523,16,46,8,20,4,6,casu,Perenne,Exótico,atracnosis,roya,,
6991,17,26,8,20,4,6,ala,Perenne,Exótico,atracnosis,roya,,
6992,17,25,0,20,4,4,ala,Caducifolio,Exótico,,roya,,
7552,14,62,8,20,5,4,jaca,Caducifolio,Nativo/Autóctono,,roya,,
847,22,34,0,20,5,7,euca,Perenne,Exótico,atracnosis,roya,manchas,
35403,27,70,0,21,5,6,euca,Caducifolio,Exótico,,roya,,
36493,21,72,0,21,5,7,euca,Perenne,Exótico,atracnosis,,,
39858,21,32,0,21,5,9,euca,Perenne,Exótico,,roya,manchas,
40686,35,90,5,21,5,7,euca,Perenne,Exótico,,roya,,
882,22,34,0,21,5,9,euca,Caducifolio,Exótico,,roya,,
1864,40,102,0,22,5,6,euca,Caducifolio,Exótico,,roya,,
22741,28,80,0,22,5,9,euca,Caducifolio,Exótico,,,manchas,
39224,25,65,0,22,5,5,euca,Perenne,Exótico,,,manchas,
39617,21,32,0,22,5,9,euca,Perenne,Exótico,atracnosis,,manchas,
4041,25,65,0,22,5,4,ala,Caducifolio,Exótico,,,,ampollas
922,21,32,0,22,5,8,euca,Caducifolio,Exótico,,,,
11273,30,63,15,23,5,6,euca,Caducifolio,Exótico,,,,
11571,20,72,3,23,5,2,casu,Perenne,Exótico,atracnosis,,,
13824,33,110,0,23,5,5,euca,Caducifolio,Exótico,,,,
14423,20,40,8,23,5,9,euca,Perenne,Exótico,,,,
1897,24,102,6,23,5,5,euca,Caducifolio,Exótico,,roya,,ampollas
23208,25,30,0,23,5,2,ala,Perenne,Exótico,,,,
36058,20,70,0,23,5,8,casu,Caducifolio,Exótico,,,,
13782,20,90,0,24,5,9,euca,Caducifolio,Exótico,,roya,,
1399,24,83,8,24,5,5,euca,Caducifolio,Exótico,,,,
32618,20,80,0,24,5,1,jaca,Perenne,Nativo/Autóctono,atracnosis,,,
39167,25,65,0,24,5,6,euca,Caducifolio,Exótico,,,,
39416,21,35,0,24,5,8,euca,Perenne,Exótico,,roya,,
39691,21,32,0,24,5,9,euca,Caducifolio,Exótico,,,manchas,
39725,21,32,0,24,5,5,euca,Perenne,Exótico,,roya,,
801,22,34,0,24,5,9,euca,Caducifolio,Exótico,,,,
862,22,34,0,24,5,6,euca,Caducifolio,Exótico,atracnosis,roya,,
8865,20,58,0,24,5,7,casu,Perenne,Exótico,,roya,,
14208,20,50,9,25,5,6,euca,Caducifolio,Exótico,,roya,,
33249,25,90,0,25,5,9,euca,Caducifolio,Exótico,atracnosis,roya,,
35631,25,60,0,25,5,5,euca,Perenne,Exótico,atracnosis,roya,,
36125,25,35,0,25,5,4,ala,Perenne,Exótico,,,manchas,
39373,21,35,0,25,5,6,euca,Caducifolio,Exótico,atracnosis,,,
39404,21,35,0,25,5,9,euca,Perenne,Exótico,,,,
39433,21,35,0,25,5,8,euca,Caducifolio,Exótico,atracnosis,,,
43985,19,85,0,25,5,4,casu,Caducifolio,Exótico,,,,
44468,20,31,0,25,5,7,ala,Caducifolio,Exótico,atracnosis,,,
9201,31,92,7,25,5,5,euca,Perenne,Exótico,,roya,,
1836,30,82,11,26,5,8,euca,Perenne,Exótico,,,,
1945,27,60,17,26,5,7,euca,Caducifolio,Exótico,,roya,,
25081,26,105,5,26,5,8,euca,Perenne,Exótico,,,,
25648,24,60,0,26,5,3,palo,Caducifolio,Nativo/Autóctono,,,,
28955,21,80,0,26,5,7,casu,Caducifolio,Exótico,,,,
35159,27,80,0,26,5,8,casu,Caducifolio,Exótico,,roya,,
39415,21,35,0,26,5,7,euca,Caducifolio,Exótico,,,,
39496,21,35,0,26,5,6,euca,Caducifolio,Exótico,,,manchas,
4862,28,70,10,26,5,6,euca,Perenne,Exótico,atracnosis,,,
771,22,34,0,26,5,7,euca,Perenne,Exótico,,roya,,
14291,20,48,7,27,5,9,euca,Perenne,Exótico,atracnosis,,,
14456,30,75,0,27,5,8,euca,Caducifolio,Exótico,,roya,,
33583,21,49,0,27,5,3,jaca,Caducifolio,Nativo/Autóctono,,roya,,
38025,21,66,0,27,5,2,casu,Perenne,Exótico,,,,ampollas
533,22,34,0,27,5,9,euca,Perenne,Exótico,,roya,,
7099,23,105,0,27,5,7,palo,Caducifolio,Nativo/Autóctono,,roya,,
823,22,34,0,27,5,9,euca,Caducifolio,Exótico,,roya,,
15528,20,48,0,28,5,4,ala,Perenne,Exótico,,roya,,
3614,27,64,0,28,5,5,casu,Caducifolio,Exótico,atracnosis,,manchas,
39303,22,50,0,28,5,5,euca,Caducifolio,Exótico,,,,
2314,20,49,3,29,5,4,casu,Perenne,Exótico,,,,
2362,20,35,5,29,5,2,jaca,Caducifolio,Nativo/Autóctono,atracnosis,roya,,ampollas
37693,20,89,0,29,5,2,ala,Perenne,Exótico,,roya,,
39421,21,35,0,29,5,7,euca,Perenne,Exótico,,roya,,
39660,21,32,0,29,5,6,euca,Caducifolio,Exótico,atracnosis,,,
40773,25,55,0,29,5,8,euca,Caducifolio,Exótico,,,manchas,
46752,25,50,0,29,5,9,euca,Perenne,Exótico,,,,
19726,20,60,0,30,5,2,casu,Caducifolio,Exótico,,,,ampollas
2286,22,70,7,30,5,8,euca,Caducifolio,Exótico,,roya,manchas,
32300,29,130,10,30,5,6,euca,Caducifolio,Exótico,atracnosis,,,
39608,21,32,0,30,5,6,euca,Perenne,Exótico,,roya,,
41871,21,58,0,30,5,2,ala,Perenne,Exótico,atracnosis,,,ampollas
695,22,34,0,30,5,6,euca,Caducifolio,Exótico,,roya,,
802,22,34,0,30,5,5,euca,Perenne,Exótico,atracnosis,,,
923,21,32,0,30,5,7,euca,Perenne,Exótico,,roya,,
14173,25,88,8,31,5,6,euca,Caducifolio,Exótico,atracnosis,,,
14419,30,102,0,31,5,8,euca,Caducifolio,Exótico,,,,ampollas
22574,21,50,0,31,5,8,ala,Perenne,Exótico,atracnosis,,,
34225,20,70,0,31,5,6,euca,Perenne,Exótico,,roya,,
374,25,35,0,31,5,8,euca,Perenne,Exótico,,roya,,
39833,21,32,0,31,5,6,euca,Caducifolio,Exótico,,,,
494,22,34,0,31,5,5,euca,Caducifolio,Exótico,,roya,,
684,22,34,0,31,5,7,euca,Perenne,Exótico,,,,
14078,23,85,0,32,5,6,euca,Perenne,Exótico,,,,
34215,21,40,0,32,5,1,jaca,Caducifolio,Nativo/Autóctono,,,,
49708,27,24,6,32,5,3,casu,Perenne,Exótico,,,,
531,22,34,0,32,5,8,euca,Perenne,Exótico,,,,
13146,24,140,0,33,5,7,euca,Caducifolio,Exótico,,roya,,
20359,20,36,0,33,5,7,casu,Caducifolio,Exótico,atracnosis,roya,,
22578,21,23,0,33,5,3,ala,Caducifolio,Exótico,,roya,,
25401,21,28,0,33,5,7,ala,Caducifolio,Exótico,atracnosis,,,
39493,21,35,0,33,5,5,euca,Caducifolio,Exótico,,,,
39836,21,32,0,33,5,8,euca,Perenne,Exótico,,roya,,
40474,23,58,0,33,5,5,euca,Perenne,Exótico,atracnosis,roya,,
541,22,34,0,33,5,6,euca,Perenne,Exótico,,,,ampollas
675,22,34,0,33,5,5,euca,Perenne,Exótico,,roya,,ampollas
723,22,34,0,33,5,6,euca,Caducifolio,Exótico,atracnosis,roya,,
16147,21,50,0,34,5,6,casu,Caducifolio,Exótico,,,,
18638,20,36,10,34,5,3,ala,Perenne,Exótico,,,,
26899,24,130,0,34,5,5,euca,Caducifolio,Exótico,atracnosis,roya,,
36100,25,35,0,34,5,4,ala,Perenne,Exótico,,roya,,ampollas
39349,30,42,0,34,5,8,euca,Caducifolio,Exótico,atracnosis,,,
47205,19,44,0,34,5,9,casu,Caducifolio,Exótico,,,,
716,22,34,0,34,5,5,euca,Caducifolio,Exótico,,,,
14284,22,78,3,35,5,6,euca,Perenne,Exótico,atracnosis,,,
14910,20,88,0,35,5,2,palo,Perenne,Nativo/Autóctono,,,,
31458,20,85,0,35,5,9,euca,Caducifolio,Exótico,,,,
32970,23,40,0,35,5,4,jaca,Caducifolio,Nativo/Autóctono,atracnosis,,,
33772,32,100,7,35,5,9,euca,Perenne,Exótico,atracnosis,,manchas,
34133,20,115,0,35,5,3,palo,Perenne,Nativo/Autóctono,,,,ampollas
34638,26,67,17,35,5,8,euca,Caducifolio,Exótico,,,,
40694,27,50,18,35,5,6,euca,Caducifolio,Exótico,atracnosis,roya,manchas,
45108,20,60,0,35,5,3,jaca,Caducifolio,Nativo/Autóctono,,,,
47222,20,55,0,35,5,3,casu,Perenne,Exótico,,,,
7053,33,90,0,35,5,7,euca,Caducifolio,Exótico,,,manchas,
38,22,40,0,36,5,7,ala,Perenne,Exótico,,,,
39251,25,65,0,36,5,9,euca,Perenne,Exótico,atracnosis,roya,,
506,22,34,0,36,5,6,euca,Perenne,Exótico,,,,
894,22,34,0,36,5,6,euca,Caducifolio,Exótico,,,,
934,21,32,0,36,5,6,euca,Caducifolio,Exótico,,roya,,
1206,21,32,0,37,5,7,euca,Caducifolio,Exótico,,,manchas,
13714,22,50,0,37,5,5,euca,Caducifolio,Exótico,,roya,manchas,
13820,28,84,5,37,5,9,euca,Caducifolio,Exótico,,roya,,
14366,30,70,5,37,5,8,euca,Perenne,Exótico,atracnosis,,manchas,
17559,23,110,0,37,5,2,casu,Caducifolio,Exótico,,,manchas,
22584,20,24,0,37,5,2,ala,Perenne,Exótico,,roya,manchas,
23579,22,33,4,37,5,8,euca,Caducifolio,Exótico,,,manchas,
27490,29,80,0,37,5,7,ala,Perenne,Exótico,,,,
30053,25,150,0,37,5,9,euca,Perenne,Exótico,atracnosis,roya,,
35861,20,40,0,37,5,4,ala,Perenne,Exótico,atracnosis,,,
39431,21,35,0,37,5,6,euca,Caducifolio,Exótico,,,,ampollas
39765,21,32,0,37,5,7,euca,Caducifolio,Exótico,,,,
51613,19,60,7,37,5,5,euca,Caducifolio,Exótico,,,,
8402,24,62,0,37,5,9,casu,Caducifolio,Exótico,,,manchas,
12771,22,75,0,38,5,6,casu,Perenne,Exótico,atracnosis,roya,,ampollas
22732,30,120,0,38,5,8,euca,Perenne,Exótico,,roya,,
27170,30,60,5,38,5,6,euca,Caducifolio,Exótico,,,manchas,
32557,22,60,0,38,5,7,ala,Perenne,Exótico,,,manchas,
38607,25,38,0,38,5,5,jaca,Caducifolio,Nativo/Autóctono,,,,
39727,21,32,0,38,5,7,euca,Caducifolio,Exótico,,roya,,
39818,21,32,0,38,5,9,euca,Caducifolio,Exótico,,,,
39863,21,32,0,38,5,7,euca,Perenne,Exótico,atracnosis,roya,,
45,22,40,0,38,5,6,ala,Perenne,Exótico,atracnosis,,,
49289,27,70,10,38,5,7,euca,Caducifolio,Exótico,,,manchas,
12217,22,48,0,39,5,6,ala,Perenne,Exótico,,,,
28528,20,70,0,39,5,5,palo,Caducifolio,Nativo/Autóctono,,,manchas,
36218,20,30,0,39,5,4,ala,Perenne,Exótico,,roya,,
38596,25,38,0,39,5,2,jaca,Perenne,Nativo/Autóctono,,,,
39,22,40,0,39,5,3,ala,Perenne,Exótico,atracnosis,,,
39365,21,35,0,39,5,5,euca,Perenne,Exótico,,,,
40464,23,53,11,39,5,6,euca,Perenne,Exótico,,roya,,
48821,27,50,0,39,5,5,euca,Caducifolio,Exótico,,,manchas,
5928,22,49,0,39,5,2,jaca,Caducifolio,Nativo/Autóctono,,,,
1410,20,38,10,40,5,9,euca,Caducifolio,Exótico,,roya,manchas,
15463,25,70,0,40,5,9,euca,Caducifolio,Exótico,,,,
25464,23,37,0,40,5,7,ala,Caducifolio,Exótico,,,manchas,ampollas
27009,45,76,6,40,5,8,euca,Caducifolio,Exótico,,,,ampollas
35457,20,25,0,40,5,2,ala,Perenne,Exótico,,,,
39805,21,32,0,40,5,6,euca,Caducifolio,Exótico,,,,
4226,30,130,0,40,5,6,euca,Caducifolio,Exótico,,roya,,
28097,20,90,0,41,5,6,euca,Perenne,Exótico,,,,
39298,22,50,0,41,5,8,euca,Caducifolio,Exótico,,roya,,
39806,21,32,0,41,5,8,euca,Caducifolio,Exótico,,,,
8485,20,46,12,41,5,5,euca,Caducifolio,Exótico,,roya,manchas,
18887,21,46,12,42,5,3,jaca,Caducifolio,Nativo/Autóctono,,,,
36369,22,30,0,42,5,2,ala,Perenne,Exótico,,,,
49481,25,30,0,42,5,2,ala,Perenne,Exótico,,,,
10376,22,45,6,43,5,7,euca,Perenne,Exótico,,,,
1239,21,32,0,43,5,6,euca,Caducifolio,Exótico,,roya,,
1983,27,55,12,43,5,8,euca,Perenne,Exótico,,roya,,
26916,32,68,12,43,5,8,euca,Perenne,Exótico,,,,
27046,45,100,0,43,5,8,euca,Caducifolio,Exótico,atracnosis,,,
27167,23,46,30,43,5,6,euca,Caducifolio,Exótico,,,,
35626,27,80,0,43,5,5,euca,Perenne,Exótico,atracnosis,,,
39742,21,32,0,43,5,9,euca,Caducifolio,Exótico,,,,
40656,35,55,5,43,5,8,euca,Caducifolio,Exótico,atracnosis,roya,,
40993,20,54,0,43,5,4,jaca,Caducifolio,Nativo/Autóctono,,,,
428,22,34,0,43,5,6,euca,Perenne,Exótico,,roya,,
803,22,34,0,43,5,5,euca,Caducifolio,Exótico,atracnosis,,,
15321,20,65,5,44,5,3,palo,Caducifolio,Nativo/Autóctono,,roya,,
18841,26,68,0,44,5,4,palo,Caducifolio,Nativo/Autóctono,,,manchas,
27131,20,42,0,44,5,7,euca,Caducifolio,Exótico,,,manchas,
38331,21,35,0,44,5,4,ala,Caducifolio,Exótico,,roya,,
39457,21,35,0,44,5,8,euca,Caducifolio,Exótico,,,,
7047,19,81,0,44,5,3,palo,Caducifolio,Nativo/Autóctono,,,manchas,
7845,19,30,0,44,5,7,ala,Perenne,Exótico,atracnosis,,manchas,
812,22,34,0,44,5,8,euca,Perenne,Exótico,,roya,,
18668,20,55,16,45,5,3,jaca,Perenne,Nativo/Autóctono,,,,
1990,25,38,0,45,5,7,euca,Perenne,Exótico,,roya,,
39390,21,35,0,45,5,6,euca,Perenne,Exótico,atracnosis,,,
438,22,34,0,45,5,6,euca,Caducifolio,Exótico,,,,
46334,19,55,10,45,5,4,jaca,Caducifolio,Nativo/Autóctono,,,,
50264,19,25,0,45,5,8,ala,Perenne,Exótico,atracnosis,,,
9363,21,70,15,45,5,7,euca,Caducifolio,Exótico,atracnosis,,,
27099,20,110,15,46,5,5,euca,Caducifolio,Exótico,atracnosis,,,
34700,23,70,0,46,5,8,casu,Caducifolio,Exótico,,,,
36496,20,72,18,46,5,9,euca,Caducifolio,Exótico,,roya,,
3693,28,120,4,46,5,7,euca,Perenne,Exótico,atracnosis,,,
656,22,34,0,46,5,6,euca,Perenne,Exótico,atracnosis,,,
27029,32,95,0,47,5,5,euca,Caducifolio,Exótico,atracnosis,,,
37163,23,82,0,47,5,6,euca,Caducifolio,Exótico,,roya,manchas,
40463,25,50,9,47,5,8,euca,Caducifolio,Exótico,,,,
6140,19,40,0,47,5,5,ala,Perenne,Exótico,,,,
1274,21,32,0,48,5,5,euca,Caducifolio,Exótico,,roya,,
39240,25,65,0,48,5,6,euca,Caducifolio,Exótico,,,,
39322,22,40,0,48,5,5,euca,Caducifolio,Exótico,,,,
39370,21,35,0,48,5,9,euca,Caducifolio,Exótico,atracnosis,,manchas,
39453,21,35,0,48,5,8,euca,Caducifolio,Exótico,atracnosis,,,ampollas
47794,20,50,0,48,5,3,palo,Perenne,Nativo/Autóctono,,roya,,ampollas
605,22,34,0,48,5,5,euca,Perenne,Exótico,,,,ampollas
779,22,34,0,48,5,8,euca,Caducifolio,Exótico,,roya,,
1739,24,112,0,49,5,5,euca,Caducifolio,Exótico,,roya,,
21716,21,46,15,49,5,2,jaca,Caducifolio,Nativo/Autóctono,atracnosis,,,
27012,35,70,7,49,5,5,euca,Caducifolio,Exótico,,,,
27286,20,37,5,49,5,9,euca,Perenne,Exótico,,,,ampollas
27663,21,47,6,49,5,5,jaca,Caducifolio,Nativo/Autóctono,,,,ampollas
30412,21,64,0,49,5,2,casu,Caducifolio,Exótico,,,,
39200,25,65,0,49,5,6,euca,Caducifolio,Exótico,,roya,,
40095,29,129,22,49,5,5,euca,Caducifolio,Exótico,,,manchas,
41009,30,110,0,49,5,6,euca,Caducifolio,Exótico,,,manchas,
432,22,34,0,49,5,5,euca,Perenne,Exótico,,,,
47795,20,62,0,49,5,2,palo,Perenne,Nativo/Autóctono,,roya,,
588,22,34,0,49,5,6,euca,Perenne,Exótico,,,,
7309,24,113,10,49,5,7,euca,Caducifolio,Exótico,atracnosis,,,
51607,23,90,0,50,5,7,euca,Caducifolio,Exótico,,,manchas,ampollas
637,22,34,0,50,5,8,euca,Perenne,Exótico,atracnosis,roya,,
735,22,34,0,50,5,5,euca,Caducifolio,Exótico,,roya,,
7442,20,75,0,50,5,5,palo,Caducifolio,Nativo/Autóctono,,,manchas,
2141,24,50,0,51,5,8,euca,Caducifolio,Exótico,,,,
39576,21,32,0,51,5,6,euca,Caducifolio,Exótico,,,,
49812,23,65,10,51,5,9,euca,Caducifolio,Exótico,,,,
576,22,34,0,51,5,7,euca,Caducifolio,Exótico,,,,
926,21,32,0,51,5,7,euca,Caducifolio,Exótico,,,,
382,25,35,0,52,5,9,euca,Perenne,Exótico,,,,
39868,21,32,0,52,5,9,euca,Caducifolio,Exótico,atracnosis,,,
47180,30,121,0,52,5,8,euca,Caducifolio,Exótico,,,,
665,22,34,0,52,5,7,euca,Perenne,Exótico,,,,
39245,25,65,0,53,5,6,euca,Perenne,Exótico,,,,
39306,22,50,0,53,5,9,euca,Perenne,Exótico,,,,
48156,20,70,0,53,5,2,casu,Perenne,Exótico,atracnosis,roya,,
885,22,34,0,53,5,7,euca,Caducifolio,Exótico,,,,
897,22,34,0,53,5,5,euca,Perenne,Exótico,,roya,,
17614,20,25,0,54,5,3,casu,Caducifolio,Exótico,atracnosis,,,
1838,35,60,0,54,5,7,euca,Caducifolio,Exótico,atracnosis,roya,,
27130,20,52,25,54,5,9,euca,Perenne,Exótico,,,,ampollas
42335,22,65,0,54,5,8,casu,Perenne,Exótico,atracnosis,,,
44906,22,61,0,54,5,6,euca,Perenne,Exótico,atracnosis,roya,,
8558,22,46,0,54,5,4,casu,Caducifolio,Exótico,atracnosis,roya,manchas,
17987,22,165,0,55,5,6,ala,Caducifolio,Exótico,,,,
23237,25,30,0,55,5,3,ala,Perenne,Exótico,,,,
26551,22,68,0,55,5,7,euca,Perenne,Exótico,,,,
33811,24,69,7,55,5,8,euca,Caducifolio,Exótico,,roya,,
39644,21,32,0,55,5,9,euca,Caducifolio,Exótico,,,,
485,22,34,0,55,5,9,euca,Caducifolio,Exótico,,,,
521,22,34,0,55,5,6,euca,Caducifolio,Exótico,,roya,,
2102,30,66,5,56,5,9,euca,Perenne,Exótico,,,manchas,ampollas
23241,25,30,0,56,5,5,ala,Caducifolio,Exótico,,,,
27100,20,48,0,56,5,8,euca,Caducifolio,Exótico,atracnosis,roya,,
27629,32,105,12,56,5,6,euca,Caducifolio,Exótico,atracnosis,,,
39220,25,65,0,56,5,5,euca,Caducifolio,Exótico,atracnosis,,,ampollas
39374,21,35,0,56,5,6,euca,Caducifolio,Exótico,,,,
39440,21,35,0,56,5,8,euca,Perenne,Exótico,,,,
44058,20,61,6,56,5,2,palo,Caducifolio,Nativo/Autóctono,atracnosis,roya,,
50348,21,50,0,56,5,7,ala,Perenne,Exótico,,,,
5053,19,52,0,56,5,9,casu,Perenne,Exótico,,,,
20807,24,75,0,57,5,7,casu,Perenne,Exótico,,,,
40115,23,64,0,57,5,9,euca,Caducifolio,Exótico,atracnosis,,,
23220,25,40,0,58,5,5,ala,Caducifolio,Exótico,,,,
25642,24,60,0,58,5,6,palo,Caducifolio,Nativo/Autóctono,,,,
40625,24,42,10,58,5,5,euca,Perenne,Exótico,,,,
46129,20,85,0,58,5,5,palo,Perenne,Nativo/Autóctono,,,manchas,
49661,24,95,0,58,5,8,euca,Caducifolio,Exótico,,,,
17254,28,63,6,59,5,6,euca,Caducifolio,Exótico,,roya,,
39305,22,50,0,59,5,7,euca,Caducifolio,Exótico,,roya,,
47129,24,70,0,59,5,9,casu,Caducifolio,Exótico,atracnosis,,,ampollas
478,22,34,0,59,5,8,euca,Caducifolio,Exótico,,,,
570,22,34,0,59,5,8,euca,Caducifolio,Exótico,,,manchas,
939,21,32,0,59,5,7,euca,Caducifolio,Exótico,,roya,,
13827,37,110,0,60,5,7,euca,Caducifolio,Exótico,,,manchas,
17218,20,42,8,60,5,0,jaca,Caducifolio,Nativo/Autóctono,atracnosis,,,
25695,25,60,0,60,5,3,ala,Perenne,Exótico,,roya,,
30179,25,100,0,60,5,3,ala,Perenne,Exótico,atracnosis,,,
38571,25,38,0,60,5,5,jaca,Caducifolio,Nativo/Autóctono,,roya,,
39532,21,32,0,60,5,6,euca,Caducifolio,Exótico,,roya,,
39840,21,32,0,60,5,6,euca,Perenne,Exótico,atracnosis,roya,manchas,
543,22,34,0,60,5,9,euca,Caducifolio,Exótico,,,,
633,22,34,0,60,5,9,euca,Perenne,Exótico,,,manchas,
653,22,34,0,60,5,8,euca,Perenne,Exótico,atracnosis,,,
7648,19,124,30,60,5,5,ala,Caducifolio,Exótico,,,manchas,
40929,37,172,7,61,5,6,euca,Caducifolio,Exótico,,,,
6784,49,26,0,61,5,1,jaca,Caducifolio,Nativo/Autóctono,,,,
969,21,32,0,61,5,5,euca,Perenne,Exótico,,,,
1888,45,80,9,62,5,7,euca,Perenne,Exótico,,,,ampollas
23667,21,65,0,62,5,4,casu,Caducifolio,Exótico,,,manchas,
39280,22,50,0,62,5,8,euca,Caducifolio,Exótico,,roya,,
39598,21,32,0,62,5,5,euca,Perenne,Exótico,,,,
2457,30,70,0,63,5,6,euca,Caducifolio,Exótico,,,,
40590,26,90,5,63,5,7,euca,Perenne,Exótico,,,,
985,21,32,0,63,5,8,euca,Caducifolio,Exótico,,,,
27002,20,57,2,64,5,9,euca,Perenne,Exótico,,,,
35438,21,40,0,64,5,4,casu,Perenne,Exótico,,roya,,
436,22,34,0,64,5,5,euca,Caducifolio,Exótico,atracnosis,,,
590,22,34,0,64,5,5,euca,Caducifolio,Exótico,,,,
14302,20,76,0,65,5,7,euca,Caducifolio,Exótico,,,,
1768,31,58,0,65,5,9,euca,Caducifolio,Exótico,,,,
39831,21,32,0,65,5,6,euca,Caducifolio,Exótico,,,,
9673,21,66,0,65,5,2,casu,Perenne,Exótico,,,,
1220,21,32,0,66,5,7,euca,Caducifolio,Exótico,,roya,,
14418,35,80,11,66,5,7,euca,Caducifolio,Exótico,atracnosis,,,
22568,21,25,0,66,5,2,ala,Perenne,Exótico,,,,
704,22,34,0,66,5,5,euca,Caducifolio,Exótico,,,manchas,
869,22,34,0,66,5,5,euca,Caducifolio,Exótico,,roya,,
2110,20,90,9,67,5,7,euca,Perenne,Exótico,,roya,,
36570,23,48,0,67,5,3,casu,Perenne,Exótico,,,,
372,25,35,0,67,5,7,euca,Caducifolio,Exótico,,,manchas,
38421,22,24,0,67,5,8,ala,Perenne,Exótico,,,,
39519,20,56,0,67,5,6,euca,Perenne,Exótico,,roya,,
40117,23,44,8,67,5,9,euca,Perenne,Exótico,,,,
722,22,34,0,67,5,5,euca,Caducifolio,Exótico,,roya,,
8763,22,38,0,67,5,2,jaca,Caducifolio,Nativo/Autóctono,,,,
9976,24,110,0,67,5,8,euca,Caducifolio,Exótico,,roya,,
27772,30,60,0,68,5,5,euca,Caducifolio,Exótico,,,,
36362,22,30,0,68,5,9,ala,Perenne,Exótico,,,,
1828,29,83,11,69,5,6,euca,Caducifolio,Exótico,atracnosis,,,
23332,20,30,0,69,5,7,ala,Caducifolio,Exótico,atracnosis,,,
32,22,40,0,69,5,8,ala,Perenne,Exótico,,,,ampollas
32504,33,81,0,69,5,2,palo,Caducifolio,Nativo/Autóctono,,,,
47045,19,115,22,69,5,9,euca,Caducifolio,Exótico,atracnosis,roya,,
774,22,34,0,69,5,9,euca,Perenne,Exótico,,,,
927,21,32,0,69,5,9,euca,Perenne,Exótico,,,,
13712,22,50,0,70,5,6,euca,Perenne,Exótico,,roya,,
14512,20,22,0,70,5,6,euca,Caducifolio,Exótico,atracnosis,,,
31996,20,60,6,70,5,3,palo,Caducifolio,Nativo/Autóctono,,roya,,
40119,21,56,0,70,5,8,euca,Perenne,Exótico,,roya,,ampollas
40870,38,150,0,70,5,8,euca,Perenne,Exótico,,roya,,
1712,35,121,4,71,5,7,euca,Perenne,Exótico,atracnosis,,,
25427,20,40,0,71,5,3,ala,Perenne,Exótico,,,,
34773,21,57,0,71,5,1,jaca,Caducifolio,Nativo/Autóctono,,,,
39340,30,42,0,71,5,8,euca,Caducifolio,Exótico,,,,
41007,20,32,9,71,5,0,jaca,Perenne,Nativo/Autóctono,,roya,,
8904,19,35,19,71,5,1,jaca,Caducifolio,Nativo/Autóctono,,,,
14425,20,55,3,72,5,6,euca,Perenne,Exótico,,,,
20792,27,35,0,72,5,5,euca,Caducifolio,Exótico,,,,
21024,20,30,0,72,5,6,casu,Caducifolio,Exótico,,roya,,
2130,22,50,5,72,5,9,euca,Perenne,Exótico,,,,
27154,25,60,0,72,5,5,euca,Caducifolio,Exótico,,,,
30983,20,22,2,72,5,7,ala,Caducifolio,Exótico,,,,
39709,21,32,0,72,5,7,euca,Caducifolio,Exótico,,roya,,
40633,20,57,13,72,5,9,euca,Perenne,Exótico,atracnosis,,,
40807,27,50,0,72,5,7,euca,Perenne,Exótico,,,,
45609,19,21,0,72,5,8,ala,Caducifolio,Exótico,,roya,,
49223,20,80,0,72,5,5,euca,Caducifolio,Exótico,atracnosis,,,
50752,20,47,10,72,5,4,ala,Perenne,Exótico,,roya,manchas,
748,22,34,0,72,5,9,euca,Perenne,Exótico,,roya,,
8695,19,49,3,72,5,3,jaca,Caducifolio,Nativo/Autóctono,,roya,,
1267,21,32,0,73,5,6,euca,Caducifolio,Exótico,,,,
14842,25,140,10,73,5,7,euca,Caducifolio,Exótico,atracnosis,,manchas,
36132,25,30,0,73,5,5,ala,Perenne,Exótico,,roya,,
40631,20,36,10,73,5,8,euca,Caducifolio,Exótico,,roya,,
12235,22,58,8,74,5,5,ala,Perenne,Exótico,,roya,manchas,
23725,21,72,0,74,5,3,casu,Perenne,Exótico,atracnosis,,,
26976,24,115,18,74,5,8,euca,Perenne,Exótico,,roya,manchas,
39354,30,42,0,74,5,7,euca,Caducifolio,Exótico,,,,
47596,20,50,0,74,5,3,jaca,Caducifolio,Nativo/Autóctono,atracnosis,roya,,
7701,23,70,0,74,5,5,palo,Caducifolio,Nativo/Autóctono,,,,
14181,21,70,6,75,5,9,euca,Caducifolio,Exótico,atracnosis,,,
15467,20,90,0,75,5,7,euca,Perenne,Exótico,atracnosis,roya,,
26244,20,40,0,75,5,8,euca,Perenne,Exótico,,,,ampollas
27179,35,105,0,75,5,9,euca,Caducifolio,Exótico,,roya,,
35208,20,45,0,75,5,7,ala,Perenne,Exótico,,,,
493,22,34,0,75,5,9,euca,Caducifolio,Exótico,,,,
57,21,50,0,75,5,9,ala,Perenne,Exótico,,,,
9004,28,213,0,75,5,8,euca,Caducifolio,Exótico,,,,ampollas
3547,21,50,0,76,5,1,jaca,Caducifolio,Nativo/Autóctono,,,,
35640,22,35,0,76,5,9,casu,Perenne,Exótico,,,,
39508,20,56,0,76,5,9,euca,Perenne,Exótico,,roya,,ampollas
40695,30,105,20,76,5,7,euca,Perenne,Exótico,atracnosis,roya,,
706,22,34,0,76,5,8,euca,Caducifolio,Exótico,,,,
36830,21,90,11,77,5,5,euca,Caducifolio,Exótico,,,,
39209,25,65,0,77,5,9,euca,Caducifolio,Exótico,,,,
39571,21,32,0,77,5,5,euca,Perenne,Exótico,,,,
40537,32,75,0,77,5,9,euca,Caducifolio,Exótico,,,,
40623,30,80,5,77,5,7,euca,Perenne,Exótico,,roya,manchas,
825,22,34,0,77,5,7,euca,Caducifolio,Exótico,atracnosis,,,
39327,30,42,0,78,5,9,euca,Caducifolio,Exótico,,,,
39468,21,35,0,78,5,9,euca,Perenne,Exótico,,,,
17458,28,90,0,79,5,6,euca,Caducifolio,Exótico,,roya,,
20763,24,102,15,79,5,2,ala,Caducifolio,Exótico,atracnosis,,,
22579,21,25,0,79,5,3,ala,Perenne,Exótico,,roya,,
23212,25,30,0,79,5,7,ala,Caducifolio,Exótico,atracnosis,,,
27181,20,47,5,79,5,6,euca,Caducifolio,Exótico,atracnosis,,,
3043,22,76,0,79,5,7,euca,Caducifolio,Exótico,,,,
39411,21,35,0,79,5,8,euca,Caducifolio,Exótico,atracnosis,,manchas,
45061,25,100,0,79,5,6,palo,Caducifolio,Nativo/Autóctono,,,,
504,22,34,0,79,5,5,euca,Caducifolio,Exótico,,roya,manchas,
51258,22,49,0,79,5,9,casu,Perenne,Exótico,atracnosis,,,
21025,20,30,0,80,5,8,casu,Perenne,Exótico,,,manchas,
39862,21,32,0,80,5,5,euca,Caducifolio,Exótico,,,,
51280,20,70,0,80,5,5,euca,Caducifolio,Exótico,,roya,,
34176,27,80,0,81,5,5,euca,Perenne,Exótico,,,,
36213,25,30,0,81,5,2,ala,Perenne,Exótico,atracnosis,roya,,
39460,21,35,0,81,5,5,euca,Caducifolio,Exótico,atracnosis,,,
481,22,34,0,81,5,6,euca,Caducifolio,Exótico,,,,
5032,24,42,24,81,5,3,ala,Perenne,Exótico,,roya,manchas,
1771,28,58,3,82,5,7,euca,Perenne,Exótico,,,manchas,
24110,23,70,0,82,5,7,euca,Caducifolio,Exótico,,,,
3075,20,70,15,82,5,5,palo,Caducifolio,Nativo/Autóctono,,roya,,
379,25,35,0,82,5,6,euca,Caducifolio,Exótico,,,,
4682,37,80,0,82,5,7,casu,Caducifolio,Exótico,,,manchas,
51283,20,38,0,82,5,5,casu,Perenne,Exótico,,,,
14179,20,58,6,83,5,7,euca,Perenne,Exótico,atracnosis,,manchas,
1435,34,82,0,83,5,7,euca,Caducifolio,Exótico,,,,
3829,22,82,0,83,5,2,palo,Caducifolio,Nativo/Autóctono,atracnosis,roya,,
39822,21,32,0,83,5,7,euca,Caducifolio,Exótico,,roya,,
43885,23,42,6,83,5,1,jaca,Caducifolio,Nativo/Autóctono,,,manchas,
565,22,34,0,83,5,5,euca,Caducifolio,Exótico,,roya,,ampollas
580,22,34,0,83,5,8,euca,Perenne,Exótico,,roya,,
8642,24,40,0,83,5,4,casu,Perenne,Exótico,atracnosis,,,
24531,20,40,0,84,5,9,ala,Caducifolio,Exótico,,roya,,
39476,21,35,0,84,5,6,euca,Caducifolio,Exótico,atracnosis,roya,,
39534,21,32,0,84,5,6,euca,Perenne,Exótico,,,,
49295,25,40,0,84,5,7,casu,Caducifolio,Exótico,,roya,,
49698,23,62,3,84,5,5,casu,Caducifolio,Exótico,,,,
50621,19,58,15,84,5,3,ala,Caducifolio,Exótico,,roya,,
19840,22,180,0,85,5,2,palo,Caducifolio,Nativo/Autóctono,,roya,,
39681,21,32,0,85,5,8,euca,Perenne,Exótico,,,,
40079,20,85,0,85,5,6,euca,Caducifolio,Exótico,,,,
40691,28,55,0,85,5,6,euca,Caducifolio,Exótico,,,,